Ġabdominal,Ġabdom
Ġabsorb,Ġabsorbs,Ġabsorbed,Ġabsorbing
Ġabsorption,Ġabsor
Ġaccelerate,Ġacceler,Ġaccelerated,Ġaccelerating
Ġacceleration,Ġacceler
Ġaccent,Ġaccents
Ġaccumulate,Ġaccum,Ġaccumulated,Ġaccumulating
Ġaccumulation,Ġaccum
Ġaccuracy,Ġaccur
Ġaccurately
Ġacid,Ġacids
Ġacidic
Ġactivate,Ġactivates,Ġactivated,Ġactivating,Ġactiv
Ġactively
Ġacute
Ġadaptation,Ġadaptations
Ġadaptive,Ġadapt
Ġadjacent
Ġadmission,Ġadmissions
Ġadolescent,Ġadolescents
Ġadverse
Ġaesthetic,Ġaesthetics
Ġaffirm,Ġaffirmed
Ġafterward,Ġafterwards
Ġaggregate,Ġaggreg
Ġagriculture,Ġagric
Ġairplane,Ġairplanes
Ġalgebra
Ġalgorithm,Ġalgorithms
Ġalien,Ġaliens
Ġalliance,Ġalliances
Ġallocate,Ġalloc,Ġallocated
Ġallocation,Ġallocations
Ġaltitude
Ġaluminum,Ġaluminium
Ġamino
Ġamongst
Ġamplitude
Ġanalogy,Ġanalog
Ġancestor,Ġancestors
Ġanthropology,Ġanthrop
Ġanti,Ġantis
Ġantibiotic,Ġantibiotics
Ġantibody,Ġantibodies
Ġantiquity,Ġantiqu
Ġappendix,Ġappend
Ġapplause
Ġapple,Ġapples
Ġapproximate,Ġapprox
Ġapproximation,Ġapprox
Ġarbitrary
Ġarchitect,Ġarchitects
Ġarray,Ġarrays
Ġarrow,Ġarrows
Ġarticulate,Ġartic,Ġarticulated
Ġartifact,Ġartifacts
Ġartificial,Ġartific
Ġartistic
Ġartwork
Ġaspect,Ġaspects
Ġassembly,Ġassemblies
Ġassert,Ġasserts,Ġasserted,Ġasserting
Ġassignment,Ġassignments
Ġathletic,Ġathletics
Ġatom,Ġatoms
Ġatomic
Ġauction,Ġauctions
Ġaudio
Ġaudit,Ġaudits
Ġauthority,Ġauthorities
Ġautonomy,Ġautonom
Ġavailability,Ġavail
Ġaxis
Ġbackward,Ġbackwards
Ġbacteria
Ġbacterial,Ġbacter
Ġbang,Ġbanging
Ġbargain,Ġbargaining
Ġbarrel,Ġbarrels
Ġbasin
Ġbat,Ġbats,Ġbatted,Ġbatting
Ġbeam,Ġbeams
Ġbehavioral,Ġbehavioural
Ġbilingual
Ġbinary,Ġbinaries
Ġbiodiversity
Ġbiologist,Ġbiologists
Ġbiology
Ġbizarre
Ġblank
Ġbleed,Ġbleeding
Ġbodily
Ġbonus,Ġbonuses
Ġbound,Ġbounds,Ġbounded
Ġbracket,Ġbrackets
Ġbreakdown
Ġbroadly
Ġbubble,Ġbubbles
Ġbucket,Ġbuckets
Ġbulk
Ġbullet,Ġbullets
Ġbundle,Ġbundles,Ġbundled
Ġcalcium
Ġcalculation,Ġcalculations
Ġcalculator,Ġcalcul
Ġcalculus
Ġcampus,Ġcampuses
Ġcapitalism,Ġcapital
Ġcapitalist,Ġcapitalists
Ġcarrier,Ġcarriers
Ġcattle
Ġcensor,Ġcensored
Ġcharacterization,Ġcharacter
Ġcheat,Ġcheated,Ġcheating
Ġcheer,Ġcheers,Ġcheered,Ġcheering
Ġchemistry
Ġchemotherapy
Ġchess
Ġchloride,Ġchlor
Ġchromosome,Ġchromosomes
Ġchronic,Ġchron
Ġchunk,Ġchunks
Ġcinema,Ġcinem
Ġcirca
Ġcirculate,Ġcirculated,Ġcirculating
Ġcirculation
Ġcivilization,Ġcivilizations,Ġcivilisation,Ġcivil
Ġclarify,Ġclarified
Ġclassification,Ġclass
Ġclassify,Ġclass,Ġclassified
Ġclassroom,Ġclassrooms
Ġclay
Ġclever
Ġclient,Ġclients
Ġclinic,Ġclinics
Ġclip,Ġclips,Ġclipped,Ġclipping
Ġclone,Ġclones,Ġcloning
Ġclosure,Ġclosures
Ġclue,Ġclues
Ġcoefficient,Ġcoefficients
Ġcognitive
Ġcoherent
Ġcollective,Ġcollect
Ġcolonial,Ġcolon
Ġcolony,Ġcolonies
Ġcomma
Ġcommentary,Ġcomment
Ġcommodity,Ġcommodities
Ġcommonly
Ġcommunist,Ġcommunists
Ġcompact
Ġcomparable,Ġcompar
Ġcomparative,Ġcompar
Ġcompensate,Ġcompens,Ġcompensated
Ġcompetence,Ġcompet
Ġcompetent
Ġcomplement,Ġcomple
Ġcomplication,Ġcomplications
Ġcomply,Ġcompl,Ġcomplied,Ġcomplying
Ġcomposer,Ġcompos
Ġcomposite
Ġcomprehension
Ġcomputation,Ġcomput
Ġconceive,Ġconce,Ġconceived
Ġconception,Ġconceptions
Ġconceptual
Ġconditional,Ġcondition
Ġcone,Ġcones
Ġconfiguration,Ġconfigurations
Ġconnector,Ġconnectors
Ġconscious
Ġconsciousness
Ġconsensus
Ġconsent
Ġconservation,Ġconserv
Ġconserve,Ġconserv
Ġconstitution,Ġconstit
Ġconsultation,Ġconsultations
Ġconsumption,Ġconsum
Ġcontainer,Ġcontainers
Ġcontinent,Ġcontinents
Ġcontinuity,Ġcontinu
Ġcontradict,Ġcontradicts,Ġcontradicted
Ġcontradiction,Ġcontradictions
Ġcontradictory
Ġcontrary,Ġcontr
Ġcontroversy,Ġcontroversies
Ġconverge,Ġconver
Ġconvergence,Ġconver
Ġcoordinate,Ġcoordinates,Ġcoordinated,Ġcoordinating,Ġcoordin
Ġcoordination,Ġcoord
Ġcord,Ġcords
Ġcoronary
Ġcorpus
Ġcorrection,Ġcorrections
Ġcorrectly
Ġcorrelate,Ġcorrelates,Ġcorrelated,Ġcorrel
Ġcorrelation,Ġcorrelations
Ġcorrespondence,Ġcorrespond
Ġcorruption,Ġcorrupt
Ġcortex
Ġcredibility
Ġcriteria,Ġcriterion
Ġcritically
Ġcritique,Ġcritiques
Ġcrude
Ġcrystal,Ġcrystals
Ġcue,Ġcues
Ġcure,Ġcures,Ġcured,Ġcuring
Ġcurriculum,Ġcurric
Ġcylinder,Ġcylinders
Ġdamp
Ġdeadline,Ġdeadlines
Ġdecay,Ġdecaying
Ġdeceive,Ġdeceived
Ġdefect,Ġdefects
Ġdeficiency,Ġdeficiencies
Ġdefinite
Ġdegrade,Ġdegraded,Ġdegrading
Ġdeliberately
Ġdelta
Ġdenote,Ġdenotes
Ġdense
Ġdependence,Ġdepend
Ġdepict,Ġdepicts,Ġdepicted,Ġdepicting
Ġderivative,Ġderivatives
Ġdescriptor,Ġdescript
Ġdestination,Ġdestinations
Ġdetection,Ġdetect
Ġdevelopmental,Ġdevelopment
Ġdeviation,Ġdeviations
Ġdiagnose,Ġdiagnoses,Ġdiagnosed,Ġdiagn
Ġdiagnosis
Ġdiagnostic,Ġdiagn
Ġdiagram,Ġdiagrams
Ġdialect
Ġdiameter
Ġdiary
Ġdictate,Ġdictates,Ġdictated
Ġdictionary,Ġdiction
Ġdifferential,Ġdifferent
Ġdifferentiate,Ġdifferent,Ġdifferentiated
Ġdifferentiation,Ġdifferent
Ġdiffusion
Ġdilemma
Ġdimensional,Ġdimension
Ġdioxide
Ġdirective,Ġdirectives
Ġdisability,Ġdisabilities
Ġdisadvantage,Ġdisadvantages,Ġdisadvantaged,Ġdisadvant
Ġdischarge,Ġdischarged
Ġdiscourse
Ġdiscrete
Ġdiscrimination,Ġdiscrim
Ġdisplacement,Ġdispl
Ġdissertation
Ġdissolve,Ġdissolved
Ġdistribution,Ġdistributions
Ġdisturbance,Ġdisturbances
Ġdiverse
Ġdomain,Ġdomains
Ġdominance,Ġdomin
Ġdominant
Ġdomination
Ġdonor,Ġdonors
Ġdose,Ġdoses
Ġdrain,Ġdrains,Ġdrained,Ġdraining
Ġdrift,Ġdrifted,Ġdrifting
Ġduration
Ġdye,Ġdyed
Ġdynamic,Ġdynamics
Ġecological
Ġecology
Ġeconomically
Ġeconomist,Ġeconomists
Ġeffectiveness
Ġelaborate,Ġelabor,Ġelaborated
Ġelastic
Ġelectron,Ġelectrons
Ġelementary
Ġelevate,Ġelevated
Ġelevation
Ġelimination
Ġelite,Ġelites
Ġembed,Ġembedded
Ġemergence
Ġemission,Ġemissions
Ġemit,Ġemits,Ġemitted,Ġemitting
Ġemperor
Ġempirical,Ġempir
Ġencode,Ġencoded,Ġencoding
Ġenforcement,Ġenforce
Ġenormously
Ġentity,Ġentities
Ġenzyme,Ġenzymes
Ġepidemic,Ġepidem
Ġequality,Ġequal
Ġequilibrium
Ġerase,Ġerased
Ġessence
Ġessentially
Ġestimation,Ġestim
Ġethical
Ġethics,Ġethic
Ġevident
Ġevolutionary
Ġex
Ġexecute,Ġexecutes,Ġexecuted,Ġexecuting,Ġexecut
Ġexecution,Ġexecutions
Ġexit,Ġexits,Ġexited,Ġexiting
Ġexpertise,Ġexpert
Ġexplicit
Ġexplicitly
Ġexploit,Ġexploits,Ġexploited,Ġexploiting
Ġexponential
Ġfabric,Ġfabrics
Ġfacet,Ġfacets
Ġfacilitate,Ġfacilitates,Ġfacilitated,Ġfacilitating,Ġfacilit
Ġfaculty,Ġfaculties
Ġfatigue,Ġfatig
Ġfeedback
Ġfertility
Ġfetal
Ġfever
Ġfiber,Ġfibers,Ġfibre
Ġfin,Ġfins
Ġfinite
Ġflesh
Ġflexibility
Ġflip,Ġflips,Ġflipped,Ġflipping
Ġfluid,Ġfluids
Ġflux
Ġfootnote
Ġformally
Ġformulation,Ġformulations
Ġforum,Ġforums
Ġfossil,Ġfossils
Ġfraction,Ġfractions
Ġfracture,Ġfractures,Ġfractured,Ġfracturing,Ġfract
Ġfreely
Ġfriction
Ġfringe
Ġfundamentally
Ġfungus,Ġfungi
Ġfusion
Ġgauge
Ġgenetically
Ġgenetics
Ġghost,Ġghosts
Ġglobalization,Ġglobal
Ġgoat,Ġgoats
Ġgoodness
Ġgoods
Ġgradient
Ġgram,Ġgrams
Ġgraph,Ġgraphs
Ġgrasp,Ġgrasped,Ġgrasping
Ġgravity
Ġgrid,Ġgrids
Ġgross
Ġgut,Ġguts
Ġhabitat,Ġhabitats
Ġhalfway
Ġharvest,Ġharvested,Ġharvesting
Ġhawk
Ġhedge
Ġhepatitis
Ġhierarchy,Ġhierarch
Ġhip,Ġhips
Ġhistorically
Ġhomework
Ġhorizon
Ġhorizontal,Ġhorizont
Ġhormone,Ġhormones
Ġhydrogen
Ġidentical
Ġidentification,Ġident
Ġideology,Ġideologies
Ġillusion,Ġillusions
Ġimmune
Ġimpact,Ġimpacts,Ġimpacted,Ġimpacting
Ġimplicit
Ġimportantly
Ġimpulse,Ġimpulses
Ġincidence
Ġinclusion
Ġincredible,Ġincred
Ġincredibly
Ġincumbent,Ġincumb
Ġindependently
Ġindicator,Ġindicators
Ġindifference
Ġindigenous
Ġindirect
Ġindividually
Ġinduce,Ġinduces,Ġinduced,Ġinducing
Ġinduction,Ġinduct
Ġinequality,Ġinequalities
Ġinevitably
Ġinfect,Ġinfected
Ġinfectious
Ġinference
Ġinferior,Ġinfer
Ġinfinite
Ġinfinity
Ġinfluential
Ġinformal,Ġinform
Ġinhibit,Ġinhibits,Ġinhibited,Ġinhib
Ġinhibition,Ġinhib
Ġinitiate,Ġiniti,Ġinitiated,Ġinitiating
Ġinitiation,Ġiniti
Ġinject,Ġinjected,Ġinjecting
Ġinjection,Ġinjections
Ġinnate
Ġinsect,Ġinsects
Ġinsert,Ġinserts,Ġinserted,Ġinserting
Ġinstability
Ġinstinct,Ġinstincts
Ġintegral,Ġinteg
Ġintegration,Ġinteg
Ġintensity,Ġintens
Ġintensive
Ġinteract,Ġinteracts,Ġinteracted,Ġinteracting
Ġinterestingly
Ġinterface,Ġinterfaces,Ġinterf
Ġinterfere,Ġinter,Ġinterfered,Ġinterfering
Ġintermediate,Ġintermedi
Ġinterrupt,Ġinterrupts,Ġinterrupted
Ġinterval,Ġintervals
Ġintervene,Ġinterven,Ġintervened,Ġintervening
Ġinterviewer,Ġinterview
Ġinvade,Ġinvaded,Ġinvading
Ġinvasion
Ġion,Ġions
Ġirrelevant
Ġirrigation,Ġirrig
Ġjazz
Ġjunior
Ġjustification
Ġkidney,Ġkidneys
Ġlab,Ġlabs
Ġlateral,Ġlater
Ġlayout,Ġlayouts
Ġleaf
Ġlecturer
Ġlegend,Ġlegends
Ġlegitimate,Ġlegitim,Ġlegit
Ġleisure
Ġlever,Ġlevers
Ġliable
Ġlifestyle,Ġlifestyles
Ġlifetime
Ġlikelihood
Ġlikewise
Ġlimb,Ġlimbs
Ġlinear
Ġlinguistic
Ġliter,Ġlitres
Ġliver
Ġlocally
Ġlogical
Ġlongitudinal
Ġloop,Ġloops
Ġlump
Ġlung,Ġlungs
Ġmachinery
Ġmagnetic,Ġmagnet
Ġmagnitude
Ġmall,Ġmalls
Ġmanipulate,Ġmanip,Ġmanipulated,Ġmanipulating
Ġmanipulation,Ġmanip
Ġmanual,Ġmanuals
Ġmanuscript,Ġmanuscripts
Ġmarble
Ġmarginal
Ġmarker,Ġmarkers
Ġmarrow
Ġmaternal
Ġmathematical
Ġmatrix
Ġmaximize,Ġmaxim,Ġmaximizing
Ġmeaningful
Ġmechanic,Ġmechanics
Ġmechanical
Ġmedia
Ġmembrane,Ġmembranes
Ġmentor,Ġmentors
Ġmercury
Ġmerge,Ġmerged,Ġmerging
Ġmessenger
Ġmetabolism,Ġmetabol
Ġmetaphor,Ġmetaphors
Ġmethodology,Ġmethod
Ġmicro
Ġmid
Ġmigrate,Ġmigrated,Ġmigrating
Ġmigration
Ġmineral,Ġminerals
Ġminimal,Ġminim
Ġminimize,Ġminim,Ġminimized,Ġminimizing
Ġminus
Ġmissile,Ġmissiles
Ġmobility
Ġmodification,Ġmodifications
Ġmole
Ġmolecular
Ġmolecule,Ġmolecules
Ġmomentum,Ġmoment
Ġmonetary
Ġmonkey,Ġmonkeys
Ġmonopoly,Ġmonopol
Ġmorality,Ġmoral
Ġmorphology,Ġmorph
Ġmortality,Ġmortal
Ġmotif
Ġmotive,Ġmotives
Ġmulti
Ġmultinational
Ġmultiply,Ġmultipl,Ġmultiplied,Ġmultiplying
Ġmutation,Ġmutations
Ġmyth,Ġmyths
Ġnaked
Ġnamely
Ġnasty
Ġnationalism,Ġnational
Ġneat
Ġnecessity,Ġnecessities
Ġneo
Ġnest,Ġnests,Ġnested,Ġnesting
Ġneural
Ġneuron,Ġneurons
Ġneutral
Ġnicely
Ġniche
Ġnitrogen
Ġnoble,Ġnobles
Ġnode,Ġnodes
Ġnoisy
Ġnominal
Ġnon
Ġnonetheless
Ġnorm,Ġnorms
Ġnotation
Ġnovice
Ġnucleus,Ġnucle
Ġnull
Ġnumerical,Ġnumer
Ġnutrient,Ġnutrients
Ġobjection,Ġobjections
Ġobscure,Ġobscured
Ġobserver,Ġobservers
Ġobtain,Ġobtained,Ġobtaining
Ġoccupation,Ġoccupations
Ġoccurrence,Ġoccurrences
Ġoffspring
Ġonset
Ġonwards
Ġoptical
Ġoptimal,Ġoptim
Ġoptimum
Ġoral
Ġorgan,Ġorgans
Ġorganism,Ġorganisms
Ġorient,Ġoriented
Ġorientation,Ġorient
Ġouter
Ġoutlet,Ġoutlets
Ġoverhead
Ġoverlap,Ġoverl,Ġoverlapping
Ġoverview
Ġoxygen
Ġpainful
Ġpar,Ġpars
Ġparadigm,Ġparad
Ġparadox
Ġparameter,Ġparameters
Ġparcel,Ġparcels
Ġpardon
Ġparental,Ġparent
Ġpartial
Ġpartially
Ġparticle,Ġparticles
Ġpartition,Ġpartitions
Ġpathway,Ġpathways
Ġpeasant,Ġpeasants
Ġperiodic,Ġperiod
Ġperipheral,Ġperipher
Ġpest,Ġpests
Ġpesticide,Ġpesticides
Ġphenomenal,Ġphenomen
Ġphilosopher,Ġphilosophers
Ġphilosophical
Ġphosphate,Ġphosph
Ġphotographic,Ġphotograph
Ġphysically
Ġphysician,Ġphysicians
Ġphysics
Ġphysiological
Ġpi
Ġplanner,Ġplanners
Ġplantation,Ġplantations
Ġplausible,Ġplaus
Ġplug,Ġplugs,Ġplugged
Ġplural
Ġpolar
Ġpole,Ġpoles
Ġpolitically
Ġportfolio,Ġportfolios
Ġportray,Ġportrays,Ġportrayed,Ġportraying
Ġportrayal,Ġportray
Ġpositively
Ġposter,Ġposters
Ġpotassium
Ġpowder,Ġpowdered
Ġpractitioner,Ġpractitioners
Ġpragmatic
Ġpre
Ġprecipitation,Ġprecip
Ġpredator,Ġpredators
Ġprediction,Ġpredictions
Ġpredominantly
Ġprejudice,Ġprejudices,Ġprejud
Ġpreliminary,Ġprelim
Ġpresume,Ġpresumed,Ġpresum
Ġprevalence,Ġpreval
Ġprey
Ġprimer
Ġprimitive
Ġprobe,Ġprobes,Ġprobing
Ġproblematic,Ġproblem
Ġprocessor,Ġprocessors
Ġproductive
Ġproductivity,Ġproduct
Ġprofound
Ġprogression,Ġprogress
Ġprogressive
Ġprojection,Ġprojections
Ġprominent
Ġpronounce,Ġpronoun,Ġpronounced
Ġproposition,Ġpropositions
Ġprotocol,Ġprotocols
Ġpsychiatric,Ġpsychiat
Ġpsychologist,Ġpsychologists
Ġpsychology,Ġpsych
Ġpublish,Ġpublishes,Ġpublished,Ġpublishing
Ġpulse,Ġpulses
Ġpunch,Ġpunches,Ġpunched,Ġpunching
Ġpunish,Ġpunished,Ġpunishing
Ġpunishment,Ġpunishments
Ġpurely
Ġpuzzle,Ġpuzzles,Ġpuzzled,Ġpuzzling
Ġqualitative
Ġquantitative
Ġquantum
Ġquestionnaire,Ġquestion
Ġquiz,Ġquizz
Ġquotation,Ġquotations
Ġrack,Ġracks,Ġracked
Ġradar
Ġradiation
Ġradius
Ġrainfall
Ġrandomly
Ġrational
Ġrationality,Ġrational
Ġray,Ġrays
Ġreactive
Ġreactor,Ġreactors
Ġreadily
Ġrealism
Ġrealistic
Ġrealm,Ġrealms
Ġreceptor,Ġreceptors
Ġrecipe,Ġrecipes
Ġreconstruct,Ġreconstructed
Ġregime,Ġregimes
Ġregression,Ġregress
Ġrehabilitation,Ġrehabilit
Ġreinforce,Ġreinforces,Ġreinforced,Ġreinforcing
Ġrejection,Ġreject
Ġreliability
Ġrender,Ġrenders,Ġrendered,Ġrendering
Ġrepertoire,Ġreperto
Ġreplacement,Ġreplacements
Ġreplicate,Ġreplicated
Ġreplication
Ġreproduce,Ġreprodu,Ġreproduced
Ġreproduction,Ġreprodu
Ġrepublic
Ġresemble,Ġresembles,Ġresembled,Ġresembling,Ġresemb
Ġreservoir,Ġreservoirs
Ġresidual
Ġresidue,Ġresidues
Ġresistant
Ġrespiratory
Ġretrieve,Ġretrie,Ġretrieved,Ġretrieving,Ġretri
Ġrevolutionary,Ġrevolutionaries
Ġrewrite,Ġrewritten,Ġrewriting
Ġrhetoric
Ġrhythm,Ġrhythms
Ġridiculous
Ġritual,Ġrituals
Ġrobot,Ġrobots
Ġrope,Ġropes
Ġrotate,Ġrotated,Ġrotating
Ġrotation
Ġrub,Ġrubbed,Ġrubbing
Ġruler,Ġrulers
Ġscatter,Ġscattered,Ġscattering
Ġscenario,Ġscenarios
Ġscholarship,Ġscholarships
Ġscripture,Ġscriptures
Ġscroll,Ġscrolls,Ġscrolling
Ġsediment
Ġselective
Ġsemantic,Ġsemantics
Ġsemester
Ġsemi
Ġseminar,Ġseminars
Ġsensation,Ġsensations
Ġsensible
Ġsensitivity,Ġsensit
Ġsensory
Ġseparately
Ġseparation,Ġsepar
Ġsexuality,Ġsexual
Ġshallow,Ġshall
Ġshortly
Ġshuttle
Ġsimilarity,Ġsimilarities
Ġsimplify,Ġsimpl,Ġsimplified
Ġsimulate,Ġsimulated,Ġsimul
Ġsimulation,Ġsimulations
Ġsimultaneously
Ġsin,Ġsins
Ġsingular
Ġsketch,Ġsketches
Ġskip,Ġskipped,Ġskipping
Ġslab
Ġslash,Ġslashed,Ġslashing
Ġslavery
Ġslot,Ġslots
Ġsnake,Ġsnakes
Ġsniff
Ġsocially
Ġsodium
Ġsoluble
Ġsolvent
Ġsometime,Ġsometimes
Ġspan,Ġspans,Ġspanning
Ġspatial
Ġspecialty,Ġspecial
Ġspecification,Ġspecifications
Ġspecimen,Ġspecimens
Ġspectrum,Ġspect
Ġsperm
Ġsphere,Ġspheres
Ġsponsorship,Ġsponsors
Ġspontaneous
Ġspray,Ġsprayed,Ġspraying
Ġstabilize,Ġstabil,Ġstabilized
Ġstack,Ġstacks,Ġstacked,Ġstacking
Ġstadium,Ġstadiums
Ġstance,Ġstances
Ġstatic
Ġstatistical
Ġstatistically
Ġstatistics
Ġstereotype,Ġstereotypes,Ġstereotyp
Ġstimulus,Ġstimuli
Ġstraightforward
Ġstrand,Ġstrands,Ġstranded
Ġstrategic
Ġstrictly
Ġstripe,Ġstripes,Ġstriped,Ġstrip
Ġsub,Ġsubs
Ġsubjective
Ġsubset
Ġsubstitution,Ġsubstit
Ġsubstrate,Ġsubstr
Ġsubtle
Ġsubtract
Ġsufficiently
Ġsuicide,Ġsuicides
Ġsuper,Ġsupers
Ġsuperior,Ġsuperiors
Ġsupposedly
Ġsurgeon,Ġsurgeons
Ġsurgical
Ġsurplus
Ġsusceptible,Ġsuscept
Ġsustainable,Ġsustain
Ġswap,Ġswaps,Ġswapped,Ġswapping
Ġswell,Ġswelling,Ġswollen
Ġsword,Ġswords
Ġsymbolic,Ġsymbol
Ġsyndrome
Ġsyntax
Ġsynthesis,Ġsynthes
Ġsynthetic
Ġsystematic,Ġsystem
Ġtech
Ġtechnically
Ġtemporal,Ġtempor
Ġtempt,Ġtempted,Ġtempting
Ġtense
Ġterminal,Ġterminals
Ġterminology,Ġtermin
Ġterribly
Ġtextbook,Ġtextbooks
Ġtheorem
Ġtheorist,Ġtheorists
Ġthereby
Ġthermal,Ġtherm
Ġthesis
Ġthickness
Ġthread,Ġthreads,Ġthreaded
Ġthreshold,Ġthresholds
Ġthumb,Ġthumbs
Ġtolerance,Ġtoler
Ġton,Ġtons
Ġtoxic
Ġtract,Ġtracts
Ġtraditionally
Ġtrait,Ġtraits
Ġtrajectory,Ġtraject
Ġtrans
Ġtransaction,Ġtransactions
Ġtranscription,Ġtranscript
Ġtransformation,Ġtransformations
Ġtranslation,Ġtranslations
Ġtransmission,Ġtransmissions
Ġtransmit,Ġtransm,Ġtransmitted,Ġtransmitting,Ġtrans
Ġtransparency,Ġtrans
Ġtransplant,Ġtranspl
Ġtrauma
Ġtreaty,Ġtreaties
Ġtremendous
Ġtriangle,Ġtriangles
Ġtribe,Ġtribes
Ġtricky,Ġtrick
Ġtrivial
Ġtropical
Ġtumor,Ġtumors
Ġturbulent
Ġtutor
Ġultimate
Ġundergraduate,Ġundergrad
Ġundermine,Ġundermines,Ġundermined,Ġundermining,Ġundermin
Ġunderneath
Ġunemployed
Ġunity
Ġunstable
Ġupward,Ġupwards
Ġurine
Ġusage
Ġutility,Ġutilities
Ġutilize,Ġutilizes,Ġutilized,Ġutilizing
Ġvague
Ġvalid
Ġvalidity,Ġvalid
Ġvalve,Ġvalves
Ġvariability
Ġvariance
Ġvariant,Ġvariants
Ġvector,Ġvectors
Ġvegetation
Ġvein,Ġveins
Ġvelocity
Ġverbal
Ġvertical
Ġviable
Ġvirtue,Ġvirtues
Ġvitamin,Ġvitamins
Ġvocabulary
Ġvowel
Ġwatershed
Ġwavelength,Ġwavelengths
Ġweave,Ġweaving,Ġwoven
Ġwheat
Ġwhereby
Ġwhichever
Ġwhoever
Ġwidespread
Ġwisdom
Ġworkshop,Ġworkshops
Ġyeast
Ġa,Ġan
Ġabandon,Ġabandoned,Ġabandoning
Ġability,Ġabilities
Ġable
Ġabortion,Ġabortions
Ġabout
Ġabove
Ġabroad
Ġabsence
Ġabsolute
Ġabsolutely
Ġabstract
Ġabuse,Ġabuses,Ġabused,Ġabusing
Ġacademic,Ġacademics,Ġacadem
Ġaccept,Ġaccepted,Ġaccepts,Ġaccepting
Ġacceptable,Ġaccept
Ġaccess,Ġaccessed,Ġaccessing
Ġaccident,Ġaccidents
Ġaccommodation,Ġaccommodations
Ġaccompany,Ġaccompanies,Ġaccompanied,Ġaccompanying
Ġaccomplish,Ġaccompl,Ġaccomplished
Ġaccord,Ġaccording
Ġaccount,Ġaccounted,Ġaccounts,Ġaccounting
Ġaccurate
Ġaccuse,Ġaccuses,Ġaccused,Ġaccusing,Ġaccus
Ġachieve,Ġachieves,Ġachieved,Ġachieving
Ġachievement,Ġachievements
Ġacknowledge,Ġacknowledges,Ġacknowledged,Ġacknowledging,Ġacknowled
Ġacquire,Ġacquired,Ġacquiring
Ġacquisition,Ġacquisitions
Ġacross
Ġact,Ġacts,Ġacted,Ġacting
Ġaction,Ġactions
Ġactive
Ġactivity,Ġactivities
Ġactor,Ġactors
Ġactual
Ġactually
Ġad,Ġads
Ġadapt,Ġadapted,Ġadapting
Ġadd,Ġadded,Ġadds,Ġadding
Ġaddition,Ġadditions
Ġadditional,Ġaddition
Ġaddress,Ġaddressed,Ġaddresses,Ġaddressing
Ġadequate
Ġadjust,Ġadjusts,Ġadjusted,Ġadjusting
Ġadjustment,Ġadjustments
Ġadministration,Ġadministrations
Ġadmire,Ġadmired
Ġadmit,Ġadmits,Ġadmitting,Ġadmitted
Ġadopt,Ġadopted,Ġadopting
Ġadult,Ġadults
Ġadvance,Ġadvances,Ġadvanced,Ġadvancing
Ġadvantage,Ġadvantages,Ġadvant
Ġadventure,Ġadventures,Ġadvent
Ġadvertise,Ġadvert,Ġadvertised,Ġadvertising
Ġadvertisement,Ġadvertisements,Ġadvertis
Ġadvice
Ġadvise,Ġadvises,Ġadvised,Ġadvising,Ġadvis
Ġadviser,Ġadvisers
Ġadvocate,Ġadvocates,Ġadvocated,Ġadvocating,Ġadvoc
Ġaffair,Ġaffairs
Ġaffect,Ġaffected,Ġaffects,Ġaffecting
Ġafford,Ġafforded
Ġafraid
Ġafter
Ġafternoon,Ġafter
Ġagain
Ġagainst
Ġage,Ġaged,Ġages,Ġaging,Ġageing
Ġagency,Ġagencies
Ġagenda,Ġagendas
Ġagent,Ġagents
Ġaggressive
Ġago
Ġagree,Ġagreed,Ġagrees,Ġagreeing
Ġagreement,Ġagreements
Ġagricultural,Ġagric
Ġahead
Ġaid,Ġaids,Ġaided,Ġaiding
Ġaim,Ġaims,Ġaimed,Ġaiming
Ġair,Ġaired,Ġairs,Ġairing
Ġaircraft
Ġairline,Ġairlines
Ġalarm,Ġalarms,Ġalarmed,Ġalarming
Ġalbum,Ġalbums
Ġalcohol
Ġalive
Ġall
Ġallege,Ġalleges,Ġalleged,Ġalleging,Ġalleg
Ġallow,Ġallowed,Ġallows,Ġallowing
Ġally,Ġallies,Ġallied
Ġalmost
Ġalone
Ġalong
Ġalongside
Ġalready
Ġalright
Ġalso
Ġalter,Ġalters,Ġaltered,Ġaltering
Ġalternative,Ġalternatives
Ġalthough
Ġaltogether
Ġalways
Ġamendment,Ġamendments
Ġamong
Ġamount,Ġamounted,Ġamounts
Ġanalysis,Ġanalyses
Ġanalyst,Ġanalysts
Ġanalyze,Ġanaly,Ġanalyzed,Ġanalyzing,Ġanalyse,Ġanalysed,Ġanalys
Ġancient
Ġand
Ġanger,Ġangered
Ġangle,Ġangles,Ġangled
Ġangry
Ġanimal,Ġanimals
Ġannounce,Ġannounces,Ġannounced,Ġannouncing,Ġannoun
Ġannouncement,Ġannouncements
Ġannual
Ġanother
Ġanswer,Ġanswered,Ġanswers,Ġanswering
Ġanticipate,Ġanticip,Ġanticipated,Ġanticipating
Ġanxiety
Ġanxious
Ġany
Ġanybody
Ġanymore
Ġanyone
Ġanything
Ġanyway,Ġanyways
Ġanywhere
Ġapart
Ġapartment,Ġapartments
Ġapologize,Ġapolog,Ġapologized,Ġapologizing,Ġapologise,Ġapologised
Ġapparent
Ġapparently
Ġappeal,Ġappeals,Ġappealed,Ġappealing
Ġappear,Ġappears,Ġappeared,Ġappearing
Ġappearance,Ġappearances
Ġapplication,Ġapplications
Ġapply,Ġapplied,Ġapplies,Ġapplying
Ġappoint,Ġappointed,Ġappointing
Ġappointment,Ġappointments
Ġappreciate,Ġappreci,Ġappreciated
Ġapproach,Ġapproaches,Ġapproached,Ġapproaching
Ġappropriate,Ġappropri,Ġappropriated
Ġapproval,Ġapprovals
Ġapprove,Ġapproves,Ġapproved,Ġapproving,Ġappro
Ġapproximately
Ġarchitecture,Ġarchitectures
Ġarea,Ġareas
Ġargue,Ġargues,Ġargued,Ġarguing
Ġargument,Ġarguments
Ġarise,Ġarises,Ġarose,Ġarising,Ġarisen
Ġarm,Ġarms,Ġarmed,Ġarming
Ġarmy,Ġarmies
Ġaround
Ġarrange,Ġarranged,Ġarranging,Ġarrang
Ġarrangement,Ġarrangements
Ġarrest,Ġarrests,Ġarrested,Ġarresting
Ġarrival,Ġarrivals
Ġarrive,Ġarrives,Ġarrived,Ġarriving
Ġart,Ġarts
Ġarticle,Ġarticles,Ġartic
Ġartist,Ġartists
Ġas
Ġashamed
Ġaside
Ġask,Ġasked,Ġasks,Ġasking
Ġassess,Ġassessed,Ġassessing
Ġassessment,Ġassessments
Ġasset,Ġassets
Ġassign,Ġassigns,Ġassigned,Ġassigning
Ġassist,Ġassists,Ġassisted,Ġassisting
Ġassistance,Ġassist
Ġassistant,Ġassistants
Ġassociate,Ġassociates,Ġassociated,Ġassoci
Ġassociation,Ġassociations
Ġassume,Ġassumes,Ġassumed,Ġassuming,Ġassum
Ġassumption,Ġassumptions
Ġassure,Ġassures,Ġassured
Ġat
Ġathlete,Ġathletes
Ġatmosphere,Ġatmosp
Ġattach,Ġattaches,Ġattached,Ġattaching
Ġattachment,Ġattachments
Ġattack,Ġattacks,Ġattacked,Ġattacking
Ġattempt,Ġattempts,Ġattempted,Ġattempting
Ġattend,Ġattends,Ġattended,Ġattending
Ġattendance,Ġattend
Ġattention,Ġattent
Ġattitude,Ġattitudes
Ġattract,Ġattracts,Ġattracted,Ġattracting
Ġattraction,Ġattractions
Ġattractive,Ġattract
Ġattribute,Ġattributes,Ġattributed,Ġattribut
Ġaudience,Ġaudiences
Ġaunt
Ġauthor,Ġauthors,Ġauthored
Ġautomatically
Ġautumn
Ġavailable,Ġavail
Ġaverage,Ġaverages,Ġaveraged,Ġaveraging
Ġavoid,Ġavoids,Ġavoided,Ġavoiding
Ġaward,Ġawards,Ġawarded,Ġawarding
Ġaware
Ġawareness
Ġaway
Ġawful
Ġbaby,Ġbabies,Ġbabys
Ġback,Ġbacked,Ġbacks,Ġbacking
Ġbackground,Ġbackgrounds
Ġbad,Ġworse,Ġworst
Ġbadly
Ġbag,Ġbags
Ġbalance,Ġbalances,Ġbalanced,Ġbalancing
Ġball,Ġballs
Ġban,Ġbans,Ġbanned,Ġbanning
Ġband,Ġbands
Ġbank,Ġbanks,Ġbanking
Ġbar,Ġbars,Ġbarred,Ġbarring
Ġbarely
Ġbarrier,Ġbarriers
Ġbase,Ġbased,Ġbases
Ġbasic,Ġbasics
Ġbasically
Ġbasis
Ġbath,Ġbaths
Ġbattle,Ġbattles,Ġbattled,Ġbattling
Ġbe,Ġam,Ġm,Ġis,Ġisn,Ġs,Ġare,Ġre,Ġaren,Ġain,Ġbeen,Ġwas,Ġwasn,Ġwere,Ġweren,Ġbeing,Ġbeings
Ġbeach,Ġbeaches
Ġbear,Ġbears,Ġbearing,Ġborn,Ġborne,Ġbearings
Ġbeat,Ġbeats,Ġbeating,Ġbeaten
Ġbeautiful
Ġbeauty,Ġbeaut
Ġbecause,Ġcos
Ġbecome,Ġbecame,Ġbecomes,Ġbecoming
Ġbed,Ġbeds
Ġbedroom,Ġbedrooms
Ġbeer,Ġbeers
Ġbefore
Ġbegin,Ġbegan,Ġbegins,Ġbeginning,Ġbegun,Ġbeginnings
Ġbehave,Ġbehaves,Ġbehaved,Ġbehaving,Ġbehav
Ġbehavior,Ġbehaviors,Ġbehaviour,Ġbehaviours
Ġbehind
Ġbelief,Ġbeliefs
Ġbelieve,Ġbelieved,Ġbelieves,Ġbelieving,Ġbelie
Ġbell,Ġbells
Ġbelong,Ġbelongs,Ġbelonged,Ġbelonging,Ġbelongings
Ġbelow
Ġbelt,Ġbelts
Ġbend,Ġbends,Ġbending,Ġbent
Ġbeneath
Ġbenefit,Ġbenefited,Ġbenefits,Ġbenefiting,Ġbenef
Ġbeside
Ġbesides
Ġbet,Ġbets,Ġbetting
Ġbetween
Ġbeyond
Ġbias,Ġbiases,Ġbiased
Ġbid,Ġbids,Ġbidding
Ġbig,Ġbigger,Ġbiggest
Ġbike,Ġbikes,Ġbiking
Ġbill,Ġbilled,Ġbills,Ġbilling
Ġbin,Ġbins
Ġbind,Ġbinds,Ġbinding,Ġbindings
Ġbiological
Ġbird,Ġbirds
Ġbirth,Ġbirths
Ġbit,Ġbits
Ġbite,Ġbites,Ġbiting,Ġbitten
Ġblack,Ġblacks
Ġblame,Ġblames,Ġblamed,Ġblaming
Ġbless,Ġblessed,Ġblessing,Ġblessings
Ġblind,Ġblinded,Ġblinding
Ġblock,Ġblocks,Ġblocked,Ġblocking
Ġblog,Ġblogs,Ġblogging
Ġblood
Ġbloody,Ġblood
Ġblow,Ġblows,Ġblew,Ġblowing,Ġblown
Ġblue,Ġblues
Ġboard,Ġboarded,Ġboards,Ġboarding
Ġboat,Ġboats
Ġbody,Ġbodies
Ġbomb,Ġbombs,Ġbombed,Ġbombing,Ġbombings
Ġbond,Ġbonds,Ġbonded,Ġbonding
Ġbone,Ġbones
Ġbook,Ġbooked,Ġbooks,Ġbooking
Ġboom,Ġbooming
Ġboost,Ġboosts,Ġboosted,Ġboosting
Ġboot,Ġboots,Ġbooted
Ġborder,Ġborders,Ġbordering
Ġbore,Ġbored,Ġboring
Ġborrow,Ġborrowed,Ġborrowing
Ġboss,Ġbosses
Ġboth
Ġbother,Ġbothered,Ġbothers,Ġbothering
Ġbottle,Ġbottles,Ġbottled
Ġbottom
Ġboundary,Ġboundaries
Ġbowl,Ġbowls,Ġbowling
Ġbox,Ġboxed,Ġboxes,Ġboxing
Ġboy,Ġboys
Ġbrain,Ġbrains
Ġbranch,Ġbranches,Ġbranching
Ġbrand,Ġbrands,Ġbranded,Ġbranding
Ġbread
Ġbreak,Ġbreaks,Ġbroke,Ġbreaking,Ġbroken
Ġbreakfast,Ġbreak
Ġbreast,Ġbreasts
Ġbreath,Ġbreaths
Ġbreathe,Ġbreat,Ġbreathed,Ġbreathing,Ġbreath
Ġbreed,Ġbreeds,Ġbred,Ġbreeding
Ġbridge,Ġbridges
Ġbrief,Ġbriefed,Ġbriefs,Ġbriefing,Ġbriefings
Ġbriefly
Ġbright,Ġbrighter,Ġbrightest
Ġbrilliant
Ġbring,Ġbrings,Ġbrought,Ġbringing
Ġbroad,Ġbroader
Ġbroadcast,Ġbroadcasts,Ġbroadcasting
Ġbrother,Ġbrothers
Ġbrown
Ġbrush,Ġbrushes,Ġbrushed,Ġbrushing
Ġbudget,Ġbudgets
Ġbuild,Ġbuilds,Ġbuilding,Ġbuildings,Ġbuilt
Ġbunch
Ġburden,Ġburdens
Ġburn,Ġburns,Ġburned,Ġburning,Ġburnt
Ġburst,Ġbursts,Ġbursting
Ġbury,Ġburied,Ġburying
Ġbus,Ġbuses
Ġbusiness,Ġbusinesses
Ġbusy,Ġbusiest
Ġbut
Ġbutton,Ġbuttons
Ġbuy,Ġbought,Ġbuys,Ġbuying
Ġbuyer,Ġbuyers
Ġby
Ġcable,Ġcables
Ġcake,Ġcakes
Ġcalculate,Ġcalculates,Ġcalculated,Ġcalculating,Ġcalcul
Ġcall,Ġcalled,Ġcalls,Ġcalling
Ġcalm,Ġcalmed,Ġcalming
Ġcamera,Ġcameras
Ġcamp,Ġcamps,Ġcamping
Ġcampaign,Ġcampaigns,Ġcampaigned,Ġcampaigning
Ġcan,Ġcanned,Ġcans,Ġcannot
Ġcancel,Ġcanceled,Ġcance,Ġcancelled,Ġcancell
Ġcancer,Ġcancers
Ġcandidate,Ġcandidates
Ġcap,Ġcaps,Ġcapped
Ġcapability,Ġcapabilities
Ġcapable
Ġcapacity,Ġcapacities
Ġcapital,Ġcapitals
Ġcapture,Ġcaptures,Ġcaptured,Ġcapturing
Ġcar,Ġcars
Ġcarbon
Ġcard,Ġcards
Ġcare,Ġcared,Ġcares,Ġcaring
Ġcareer,Ġcareers
Ġcareful
Ġcarefully
Ġcarpet
Ġcarry,Ġcarried,Ġcarries,Ġcarrying
Ġcase,Ġcases,Ġcasing
Ġcash
Ġcast,Ġcasts,Ġcasting
Ġcastle,Ġcastles
Ġcat,Ġcats
Ġcatalog,Ġcatalogue
Ġcatch,Ġcatches,Ġcaught,Ġcatching
Ġcategory,Ġcategories
Ġcause,Ġcaused,Ġcauses,Ġcausing
Ġcelebrate,Ġcelebrates,Ġcelebrated,Ġcelebrating,Ġcelebr
Ġcelebration,Ġcelebrations
Ġcell,Ġcells
Ġcent,Ġcents
Ġcenter,Ġcentered,Ġcenters,Ġcentre,Ġcentres,Ġcentr
Ġcentral,Ġcentr
Ġcentury,Ġcenturies
Ġceremony,Ġceremonies
Ġcertain
Ġcertainly
Ġchain,Ġchains,Ġchained
Ġchair,Ġchairs,Ġchaired
Ġchairman,Ġchair
Ġchallenge,Ġchallenges,Ġchallenged,Ġchallenging,Ġchalleng
Ġchamber,Ġchambers
Ġchampion,Ġchampions,Ġchampioned
Ġchampionship,Ġchampionships
Ġchance,Ġchances
Ġchange,Ġchanged,Ġchanges,Ġchanging,Ġchang
Ġchannel,Ġchannels
Ġchapter,Ġchapters
Ġcharacter,Ġcharacters
Ġcharacteristic,Ġcharacteristics
Ġcharacterize,Ġcharacter,Ġcharacterized
Ġcharge,Ġcharged,Ġcharges,Ġcharging,Ġcharg
Ġcharity,Ġcharities
Ġcharm,Ġcharms,Ġcharming
Ġchart,Ġcharts
Ġchase,Ġchased,Ġchasing
Ġchat,Ġchats,Ġchatting
Ġcheap,Ġcheaper,Ġcheapest
Ġcheck,Ġchecked,Ġchecks,Ġchecking
Ġcheek,Ġcheeks
Ġcheese,Ġchees
Ġchemical,Ġchemicals
Ġchest,Ġchests
Ġchicken,Ġchickens,Ġchick
Ġchief,Ġchiefs
Ġchild,Ġchildren
Ġchildhood
Ġchip,Ġchips
Ġchocolate
Ġchoice,Ġchoices
Ġchoose,Ġchooses,Ġchose,Ġchoosing,Ġchosen
Ġchurch,Ġchurches
Ġcigarette,Ġcigarettes
Ġcircle,Ġcircles,Ġcircled,Ġcircling
Ġcircumstance,Ġcircumstances
Ġcite,Ġcites,Ġcited,Ġciting
Ġcitizen,Ġcitizens
Ġcity,Ġcities
Ġcivil
Ġcivilian,Ġcivilians
Ġclaim,Ġclaims,Ġclaimed,Ġclaiming
Ġclass,Ġclasses
Ġclassic,Ġclassics
Ġclassical
Ġclause,Ġclauses
Ġclean,Ġcleaned,Ġcleans,Ġcleaning
Ġclear,Ġcleared,Ġclears,Ġclearing,Ġclearer
Ġclearly
Ġclick,Ġclicks,Ġclicked,Ġclicking
Ġclimate,Ġclimates
Ġclimb,Ġclimbs,Ġclimbed,Ġclimbing
Ġclinical
Ġclock,Ġclocks
Ġclose,Ġclosed,Ġcloses,Ġclosing,Ġcloser,Ġclosest
Ġclosely
Ġclothes
Ġclothing,Ġcloth
Ġcloud,Ġclouds
Ġclub,Ġclubs
Ġcluster,Ġclusters,Ġclustered,Ġclust
Ġcoach,Ġcoaches,Ġcoached,Ġcoaching
Ġcoal
Ġcoast,Ġcoasts
Ġcoat,Ġcoats,Ġcoated,Ġcoating
Ġcode,Ġcodes,Ġcoded,Ġcoding
Ġcoffee
Ġcoin,Ġcoins,Ġcoined
Ġcold,Ġcolder
Ġcollapse,Ġcollapses,Ġcollapsed,Ġcollapsing,Ġcollaps
Ġcolleague,Ġcolleagues
Ġcollect,Ġcollects,Ġcollected,Ġcollecting
Ġcollection,Ġcollections
Ġcollege,Ġcolleges
Ġcolor,Ġcolored,Ġcolors,Ġcoloring,Ġcolour,Ġcolours,Ġcoloured
Ġcolumn,Ġcolumns
Ġcombination,Ġcombinations
Ġcombine,Ġcombines,Ġcombined,Ġcombining
Ġcome,Ġcame,Ġcomes,Ġcoming,Ġcomed
Ġcomedy,Ġcomed
Ġcomfort,Ġcomforting
Ġcomfortable,Ġcomfort
Ġcommand,Ġcommands,Ġcommanded,Ġcommanding
Ġcomment,Ġcommented,Ġcomments,Ġcommenting
Ġcommercial,Ġcommercials
Ġcommission,Ġcommissions,Ġcommissioned
Ġcommit,Ġcommits,Ġcommitted,Ġcommitting
Ġcommitment,Ġcommitments
Ġcommittee,Ġcommittees
Ġcommon
Ġcommunicate,Ġcommunicates,Ġcommunicated,Ġcommunicating,Ġcommun
Ġcommunication,Ġcommunications
Ġcommunity,Ġcommunities
Ġcompany,Ġcompanies,Ġcompan
Ġcompare,Ġcompares,Ġcompared,Ġcomparing,Ġcompar
Ġcomparison,Ġcomparisons
Ġcompensation,Ġcompens
Ġcompete,Ġcompet,Ġcompeted,Ġcompeting
Ġcompetition,Ġcompetitions
Ġcompetitive
Ġcompetitor,Ġcompetitors
Ġcomplain,Ġcomplains,Ġcomplained,Ġcomplaining
Ġcomplaint,Ġcomplaints
Ġcomplete,Ġcompletes,Ġcompleted,Ġcompleting,Ġcomple
Ġcompletely
Ġcomplex,Ġcomplexes
Ġcomplexity,Ġcomplexities
Ġcomplicate,Ġcompl,Ġcomplicated
Ġcomponent,Ġcomponents
Ġcompose,Ġcomposed,Ġcomposing,Ġcompos
Ġcomposition,Ġcompositions
Ġcompound,Ġcompounds,Ġcompounded
Ġcomprehensive
Ġcomprise,Ġcomprises,Ġcomprised,Ġcomprising
Ġcompromise,Ġcompromises,Ġcompromised,Ġcompromising,Ġcomprom
Ġcompute,Ġcomputed,Ġcomputing,Ġcomput
Ġcomputer,Ġcomputers
Ġconcentrate,Ġconcent,Ġconcentrated,Ġconcentrating
Ġconcentration,Ġconcentrations
Ġconcept,Ġconcepts
Ġconcern,Ġconcerned,Ġconcerns,Ġconcerning
Ġconcert,Ġconcerts,Ġconcerted
Ġconclude,Ġconcludes,Ġconcluded,Ġconcluding,Ġconclud
Ġconclusion,Ġconclusions
Ġconcrete
Ġcondition,Ġconditions,Ġconditioned,Ġconditioning
Ġconduct,Ġconducts,Ġconducted,Ġconducting
Ġconference,Ġconferences
Ġconfidence
Ġconfident
Ġconfirm,Ġconfirms,Ġconfirmed,Ġconfirming
Ġconflict,Ġconflicts,Ġconflicted,Ġconflicting
Ġconfuse,Ġconfused,Ġconfusing
Ġconfusion
Ġconnect,Ġconnects,Ġconnected,Ġconnecting
Ġconnection,Ġconnections
Ġconsequence,Ġconsequences
Ġconsequently
Ġconservative,Ġconservatives
Ġconsider,Ġconsidered,Ġconsiders,Ġconsidering
Ġconsiderable,Ġconsider
Ġconsideration,Ġconsiderations
Ġconsist,Ġconsists,Ġconsisted,Ġconsisting
Ġconsistent
Ġconstant,Ġconstants
Ġconstantly
Ġconstitute,Ġconstitutes,Ġconstituted,Ġconstit
Ġconstraint,Ġconstraints
Ġconstruct,Ġconstructs,Ġconstructed,Ġconstructing
Ġconstruction,Ġconstruct
Ġconsult,Ġconsulted,Ġconsulting
Ġconsultant,Ġconsultants
Ġconsume,Ġconsumes,Ġconsumed,Ġconsuming,Ġconsum
Ġconsumer,Ġconsumers
Ġcontact,Ġcontacted,Ġcontacts,Ġcontacting
Ġcontain,Ġcontains,Ġcontained,Ġcontaining
Ġcontemporary,Ġcontemporaries
Ġcontent,Ġcontents
Ġcontest,Ġcontests,Ġcontested
Ġcontext,Ġcontexts
Ġcontinue,Ġcontinued,Ġcontinues,Ġcontinuing
Ġcontinuous
Ġcontract,Ġcontracts,Ġcontracted,Ġcontracting
Ġcontrast,Ġcontrasts,Ġcontrasted,Ġcontrasting
Ġcontribute,Ġcontributes,Ġcontributed,Ġcontributing,Ġcontribut
Ġcontribution,Ġcontributions
Ġcontrol,Ġcontrolled,Ġcontrols,Ġcontrolling,Ġcontro
Ġcontroversial,Ġcontrovers
Ġconvention,Ġconventions
Ġconventional,Ġconvention
Ġconversation,Ġconversations
Ġconvert,Ġconverts,Ġconverted,Ġconverting
Ġconvince,Ġconvin,Ġconvinced,Ġconvincing,Ġconvinc
Ġcook,Ġcooks,Ġcooked,Ġcooking
Ġcool,Ġcooled,Ġcooling,Ġcoolest
Ġcooperation,Ġcooper
Ġcope,Ġcoping
Ġcopy,Ġcopied,Ġcopies,Ġcopying
Ġcore,Ġcores
Ġcorner,Ġcorners
Ġcorporate,Ġcorpor
Ġcorporation,Ġcorporations
Ġcorrect,Ġcorrected,Ġcorrecting
Ġcorrespond,Ġcorresponds,Ġcorresponding
Ġcost,Ġcosts,Ġcosting
Ġcough,Ġcoughing
Ġcould,Ġcouldn
Ġcouncil,Ġcouncils,Ġcouncill
Ġcounsel,Ġcounselling,Ġcounseling
Ġcount,Ġcounts,Ġcounted,Ġcounting
Ġcounter,Ġcounters,Ġcountered,Ġcountering
Ġcountry,Ġcountries
Ġcounty,Ġcounties
Ġcouple,Ġcoupled,Ġcouples,Ġcoupling
Ġcourse,Ġcourses
Ġcourt,Ġcourts
Ġcousin,Ġcousins
Ġcover,Ġcovered,Ġcovers,Ġcovering
Ġcoverage,Ġcover
Ġcow,Ġcows
Ġcrack,Ġcracks,Ġcracked,Ġcracking
Ġcraft,Ġcrafts,Ġcrafted,Ġcrafting
Ġcrash,Ġcrashes,Ġcrashed,Ġcrashing
Ġcrazy
Ġcream
Ġcreate,Ġcreated,Ġcreates,Ġcreating,Ġcreat
Ġcreation,Ġcreations
Ġcreative,Ġcreat
Ġcreature,Ġcreatures
Ġcredit,Ġcredits,Ġcredited
Ġcrew,Ġcrews
Ġcrime,Ġcrimes
Ġcriminal,Ġcriminals
Ġcrisis,Ġcrises
Ġcritic,Ġcritics
Ġcritical
Ġcriticism,Ġcriticisms
Ġcriticize,Ġcritic,Ġcriticized,Ġcriticizing,Ġcriticised
Ġcrop,Ġcrops,Ġcropped
Ġcross,Ġcrosses,Ġcrossed,Ġcrossing,Ġcrossings
Ġcrowd,Ġcrowds,Ġcrowded
Ġcrucial
Ġcry,Ġcries,Ġcried,Ġcrying
Ġcultural
Ġculture,Ġcultures,Ġcultured
Ġcup,Ġcups
Ġcurious
Ġcurrency,Ġcurrencies
Ġcurrent,Ġcurrents
Ġcurrently
Ġcurtain,Ġcurtains
Ġcurve,Ġcurves,Ġcurved
Ġcustom,Ġcustoms
Ġcustomer,Ġcustomers
Ġcut,Ġcuts,Ġcutting
Ġcycle,Ġcycles,Ġcycling
Ġdad,Ġdaddy,Ġdads
Ġdaily
Ġdamage,Ġdamages,Ġdamaged,Ġdamaging
Ġdamn,Ġdamned,Ġdamning
Ġdance,Ġdances,Ġdanced,Ġdancing
Ġdanger,Ġdangers
Ġdangerous
Ġdare,Ġdared,Ġdaring
Ġdark,Ġdarker,Ġdarkest
Ġdarkness
Ġdata,Ġdatas
Ġdatabase,Ġdatabases
Ġdate,Ġdated,Ġdates,Ġdating
Ġdaughter,Ġdaughters
Ġday,Ġdays
Ġdead
Ġdeal,Ġdeals,Ġdealing,Ġdealt,Ġdealings
Ġdealer,Ġdealers
Ġdear
Ġdeath,Ġdeaths
Ġdebate,Ġdebates,Ġdebated,Ġdebating
Ġdebt,Ġdebts
Ġdecade,Ġdecades
Ġdecide,Ġdecided,Ġdecides,Ġdeciding
Ġdecision,Ġdecisions
Ġdeclare,Ġdeclares,Ġdeclared,Ġdeclaring
Ġdecline,Ġdeclines,Ġdeclined,Ġdeclining
Ġdecrease,Ġdecreases,Ġdecreased,Ġdecreasing,Ġdecre
Ġdedicate,Ġdedicated
Ġdeep,Ġdeeper,Ġdeepest
Ġdeeply
Ġdefeat,Ġdefeats,Ġdefeated,Ġdefeating
Ġdefend,Ġdefends,Ġdefended,Ġdefending
Ġdefense,Ġdefenses,Ġdefence,Ġdefences
Ġdeficit,Ġdeficits
Ġdefine,Ġdefines,Ġdefined,Ġdefining,Ġdefin
Ġdefinitely
Ġdefinition,Ġdefinitions
Ġdegree,Ġdegrees
Ġdelay,Ġdelays,Ġdelayed,Ġdelaying
Ġdelight,Ġdelighted
Ġdeliver,Ġdelivers,Ġdelivered,Ġdelivering
Ġdelivery,Ġdeliveries
Ġdemand,Ġdemands,Ġdemanded,Ġdemanding
Ġdemocracy,Ġdemocracies
Ġdemocratic,Ġdemocr
Ġdemonstrate,Ġdemonstrates,Ġdemonstrated,Ġdemonstrating,Ġdemonstr
Ġdemonstration,Ġdemonstrations
Ġdensity
Ġdeny,Ġdenies,Ġdenied,Ġdenying
Ġdepartment,Ġdepartments
Ġdepend,Ġdepended,Ġdepends,Ġdepending
Ġdependent,Ġdepend
Ġdeposit,Ġdeposits,Ġdeposited,Ġdepos
Ġdepress,Ġdepressed,Ġdepressing
Ġdepression,Ġdepress
Ġdepth,Ġdepths
Ġderive,Ġderives,Ġderived,Ġderiv
Ġdescribe,Ġdescribes,Ġdescribed,Ġdescribing,Ġdescrib
Ġdescription,Ġdescriptions
Ġdesert,Ġdeserts,Ġdeserted
Ġdeserve,Ġdeserves,Ġdeserved,Ġdeserving
Ġdesign,Ġdesigns,Ġdesigned,Ġdesigning
Ġdesigner,Ġdesigners
Ġdesire,Ġdesires,Ġdesired
Ġdesk,Ġdesks
Ġdespite
Ġdestroy,Ġdestroys,Ġdestroyed,Ġdestroying
Ġdestruction,Ġdestruct
Ġdetail,Ġdetailed,Ġdetails,Ġdetailing
Ġdetect,Ġdetects,Ġdetected,Ġdetecting
Ġdetermination,Ġdetermin
Ġdetermine,Ġdetermines,Ġdetermined,Ġdetermining,Ġdetermin
Ġdevelop,Ġdeveloped,Ġdevelops,Ġdeveloping
Ġdevelopment,Ġdevelopments
Ġdevice,Ġdevices
Ġdevote,Ġdevoted
Ġdialog,Ġdialogue
Ġdie,Ġdied,Ġdies,Ġdying
Ġdiet,Ġdiets
Ġdiffer,Ġdiffers,Ġdiffered,Ġdiffering
Ġdifference,Ġdiffere,Ġdifferences
Ġdifferent
Ġdifferently
Ġdifficult
Ġdifficulty,Ġdifficulties
Ġdig,Ġdigs,Ġdug,Ġdigging
Ġdigital
Ġdimension,Ġdimensions
Ġdinner,Ġdinners
Ġdirect,Ġdirects,Ġdirected,Ġdirecting
Ġdirection,Ġdirections
Ġdirectly
Ġdirector,Ġdirectors
Ġdirty
Ġdisagree,Ġdisagrees,Ġdisagreed
Ġdisappear,Ġdisappears,Ġdisappeared,Ġdisappearing
Ġdisappoint,Ġdisappointed,Ġdisappointing
Ġdisaster,Ġdisasters
Ġdiscipline,Ġdisciplines,Ġdisciplined,Ġdiscipl
Ġdiscount,Ġdiscounts,Ġdiscounted
Ġdiscover,Ġdiscovers,Ġdiscovered,Ġdiscovering
Ġdiscovery,Ġdiscoveries
Ġdiscuss,Ġdiscussed,Ġdiscusses,Ġdiscussing
Ġdiscussion,Ġdiscussions
Ġdisease,Ġdiseases
Ġdish,Ġdishes
Ġdisk,Ġdisks,Ġdisc,Ġdiscs
Ġdismiss,Ġdismissed,Ġdismissing
Ġdisorder,Ġdisorders
Ġdisplay,Ġdisplays,Ġdisplayed,Ġdisplaying
Ġdispute,Ġdisputes,Ġdisputed
Ġdistance,Ġdistances
Ġdistant
Ġdistinct
Ġdistinction,Ġdistinctions
Ġdistinguish,Ġdistinguishes,Ġdistinguished,Ġdistinguishing
Ġdistribute,Ġdistributed,Ġdistributing,Ġdistribut
Ġdistrict,Ġdistricts
Ġdisturb,Ġdistur,Ġdisturbed,Ġdisturbing
Ġdiversity,Ġdivers
Ġdivide,Ġdivides,Ġdivided,Ġdividing,Ġdivid
Ġdivision,Ġdivisions
Ġdivorce,Ġdivor,Ġdivorced
Ġdo,Ġdid,Ġdoes,Ġdoing,Ġdone,Ġdoesn,Ġdidn
Ġdoctor,Ġdoctors,Ġdr
Ġdocument,Ġdocumented,Ġdocuments,Ġdocumenting
Ġdog,Ġdogged,Ġdogs
Ġdollar,Ġdollars
Ġdomestic,Ġdomest
Ġdominate,Ġdominates,Ġdominated,Ġdominating,Ġdomin
Ġdoor,Ġdoors
Ġdouble,Ġdoubles,Ġdoubled,Ġdoubling
Ġdoubt,Ġdoubts,Ġdoubted
Ġdown,Ġdowned,Ġdowns
Ġdozen,Ġdozens
Ġdraft,Ġdrafts,Ġdrafted,Ġdrafting
Ġdrag,Ġdragged,Ġdragging
Ġdrama,Ġdramas
Ġdramatic
Ġdramatically
Ġdraw,Ġdraws,Ġdrew,Ġdrawing,Ġdrawn,Ġdrawings
Ġdream,Ġdreams,Ġdreamed,Ġdreaming
Ġdress,Ġdresses,Ġdressed,Ġdressing
Ġdrink,Ġdrank,Ġdrinks,Ġdrinking,Ġdrunk
Ġdrive,Ġdrives,Ġdrove,Ġdriving,Ġdriven
Ġdriver,Ġdrivers
Ġdrop,Ġdropped,Ġdrops,Ġdropping
Ġdrug,Ġdrugs
Ġdry,Ġdried,Ġdrying
Ġdue
Ġduring
Ġdust
Ġduty,Ġduties
Ġeach
Ġear,Ġears
Ġearly,Ġearlier,Ġearliest
Ġearn,Ġearns,Ġearned,Ġearning,Ġearnings
Ġearth
Ġease,Ġeased,Ġeasing
Ġeasily
Ġeast
Ġeastern
Ġeasy,Ġeasier,Ġeasiest
Ġeat,Ġate,Ġeats,Ġeating,Ġeaten
Ġeconomic,Ġeconomics
Ġeconomy,Ġeconomies
Ġedge,Ġedges,Ġedged
Ġedit,Ġedits,Ġedited,Ġediting
Ġedition,Ġeditions
Ġeditor,Ġeditors
Ġeducate,Ġeducated,Ġeducating
Ġeducation
Ġeducational
Ġeffect,Ġeffected,Ġeffects
Ġeffective
Ġeffectively
Ġefficiency,Ġeffic
Ġefficient
Ġeffort,Ġefforts
Ġegg,Ġeggs
Ġeither
Ġelderly
Ġelect,Ġelected,Ġelecting
Ġelection,Ġelections
Ġelectric,Ġelect
Ġelectricity,Ġelectric
Ġelectronic,Ġelectronics
Ġelement,Ġelements
Ġeliminate,Ġeliminates,Ġeliminated,Ġeliminating
Ġelse
Ġelsewhere
Ġemail,Ġemails,Ġemailed
Ġembarrass,Ġembarrassed,Ġembarrassing
Ġembrace,Ġembraces,Ġembraced,Ġembracing
Ġemerge,Ġemerges,Ġemerged,Ġemerging
Ġemergency,Ġemergencies
Ġemotion,Ġemotions
Ġemotional,Ġemotion
Ġemphasis
Ġemphasize,Ġemphasizes,Ġemphasized,Ġemphasizing,Ġemphas,Ġemphasis
Ġempire,Ġempires
Ġemploy,Ġemploys,Ġemployed,Ġemploying
Ġemployee,Ġemployees
Ġemployer,Ġemployers
Ġemployment,Ġemploy
Ġempty,Ġemptied
Ġenable,Ġenables,Ġenabled,Ġenabling
Ġencounter,Ġencounters,Ġencountered,Ġencountering
Ġencourage,Ġencourages,Ġencouraged,Ġencouraging
Ġend,Ġended,Ġends,Ġending,Ġendings
Ġenemy,Ġenemies
Ġenergy,Ġenergies
Ġengage,Ġengages,Ġengaged,Ġengaging
Ġengine,Ġengines
Ġengineer,Ġengineers,Ġengineered,Ġengineering
Ġenhance,Ġenhances,Ġenhanced,Ġenhancing
Ġenjoy,Ġenjoyed,Ġenjoys,Ġenjoying
Ġenormous
Ġenough
Ġensure,Ġensures,Ġensured,Ġensuring
Ġenter,Ġenters,Ġentered,Ġentering
Ġenterprise,Ġenterprises,Ġenter
Ġentertain,Ġentert,Ġentertained,Ġentertaining
Ġentertainment,Ġentertain
Ġentire
Ġentirely
Ġentitle,Ġentit,Ġentitled
Ġentrance,Ġentrances
Ġentry,Ġentries
Ġenvelope,Ġenvelop
Ġenvironment,Ġenvironments
Ġenvironmental,Ġenvironment
Ġepisode,Ġepisodes
Ġequal,Ġequals
Ġequally
Ġequation,Ġequations
Ġequipment,Ġequip
Ġequivalent,Ġequivalents
Ġera,Ġeras
Ġerror,Ġerrors
Ġescape,Ġescapes,Ġescaped,Ġescaping
Ġespecially
Ġessay,Ġessays
Ġessential,Ġessentials
Ġestablish,Ġestablishes,Ġestablished,Ġestablishing
Ġestablishment,Ġestablishments
Ġestate,Ġestates
Ġestimate,Ġestimates,Ġestimated,Ġestimating,Ġestim
Ġethnic
Ġevaluate,Ġevaluates,Ġevaluated,Ġevaluating
Ġevaluation,Ġevaluations
Ġeven
Ġevening,Ġevenings
Ġevent,Ġevents
Ġeventually
Ġever
Ġevery
Ġeverybody,Ġevery
Ġeveryday,Ġevery
Ġeveryone
Ġeverything,Ġevery
Ġeverywhere
Ġevidence,Ġevidenced
Ġevil,Ġevils
Ġevolution
Ġevolve,Ġevolves,Ġevolved,Ġevolving
Ġexact
Ġexactly
Ġexam,Ġexams
Ġexamination,Ġexaminations
Ġexamine,Ġexamines,Ġexamined,Ġexamining
Ġexample,Ġexamples
Ġexceed,Ġexceeds,Ġexceeded,Ġexceeding
Ġexcellent
Ġexcept
Ġexception,Ġexceptions
Ġexcess
Ġexchange,Ġexchanges,Ġexchanged,Ġexchanging
Ġexcitement
Ġexclude,Ġexcludes,Ġexcluded,Ġexcluding
Ġexcuse,Ġexcuses
Ġexecutive,Ġexecutives
Ġexercise,Ġexercises,Ġexercised,Ġexercising,Ġexerc
Ġexhaust,Ġexhausted,Ġexhausting
Ġexhibit,Ġexhibits,Ġexhibited,Ġexhibiting
Ġexhibition,Ġexhibitions
Ġexist,Ġexists,Ġexisted,Ġexisting
Ġexistence,Ġexist
Ġexpand,Ġexpands,Ġexpanded,Ġexpanding
Ġexpansion,Ġexpansions
Ġexpect,Ġexpected,Ġexpects,Ġexpecting
Ġexpectation,Ġexpectations
Ġexpenditure,Ġexpenditures
Ġexpense,Ġexpenses
Ġexpensive
Ġexperience,Ġexperienced,Ġexperiences,Ġexperiencing,Ġexperien
Ġexperiment,Ġexperiments,Ġexperimented,Ġexperimenting
Ġexperimental,Ġexperiment
Ġexpert,Ġexperts
Ġexplain,Ġexplained,Ġexplains,Ġexplaining
Ġexplanation,Ġexplanations
Ġexplore,Ġexplores,Ġexplored,Ġexploring,Ġexplor
Ġexport,Ġexports,Ġexported,Ġexporting
Ġexpose,Ġexposes,Ġexposed,Ġexposing
Ġexposure,Ġexposures
Ġexpress,Ġexpresses,Ġexpressed,Ġexpressing
Ġexpression,Ġexpressions
Ġextend,Ġextends,Ġextended,Ġextending
Ġextension,Ġextensions
Ġextensive
Ġextent
Ġexternal
Ġextra,Ġextras
Ġextract,Ġextracts,Ġextracted,Ġextracting
Ġextraordinary
Ġextreme,Ġextremes,Ġextrem
Ġextremely
Ġeye,Ġeyed,Ġeyes,Ġeyeing
Ġface,Ġfaced,Ġfaces,Ġfacing
Ġfacility,Ġfacilities
Ġfact,Ġfacts
Ġfactor,Ġfactors
Ġfactory,Ġfactories
Ġfade,Ġfades,Ġfaded,Ġfading
Ġfail,Ġfails,Ġfailed,Ġfailing,Ġfailings
Ġfailure,Ġfailures
Ġfair,Ġfaire
Ġfairly
Ġfaith,Ġfaiths
Ġfaithfully
Ġfall,Ġfalls,Ġfell,Ġfalling,Ġfallen
ĠFALSE
Ġfamiliar
Ġfamily,Ġfamilies
Ġfamous
Ġfan,Ġfans
Ġfancy
Ġfantastic
Ġfar,Ġfarther
Ġfarm,Ġfarms,Ġfarming
Ġfarmer,Ġfarmers
Ġfashion,Ġfashioned
Ġfast,Ġfasting,Ġfaster,Ġfastest
Ġfat,Ġfats
Ġfather,Ġfathers
Ġfault,Ġfaults
Ġfavor,Ġfavors,Ġfavored,Ġfavoring,Ġfavour,Ġfavoured
Ġfavorite,Ġfavorites,Ġfavourite,Ġfavourites
Ġfear,Ġfears,Ġfeared,Ġfearing
Ġfeature,Ġfeatures,Ġfeatured,Ġfeaturing
Ġfederal,Ġfeder
Ġfee,Ġfees
Ġfeed,Ġfeeds,Ġfed,Ġfeeding
Ġfeel,Ġfeels,Ġfelt,Ġfeeling,Ġfeelings
Ġfellow,Ġfellows
Ġfemale,Ġfemales
Ġfence,Ġfences,Ġfencing
Ġfestival,Ġfestivals
Ġfew,Ġfewer
Ġfiction
Ġfield,Ġfields,Ġfielded,Ġfielding
Ġfight,Ġfights,Ġfought,Ġfighting
Ġfigure,Ġfigured,Ġfigures,Ġfiguring,Ġfigur
Ġfile,Ġfiles,Ġfiled,Ġfiling,Ġfilings
Ġfill,Ġfilled,Ġfills,Ġfilling
Ġfilm,Ġfilms,Ġfilmed,Ġfilming
Ġfilter,Ġfilters,Ġfiltered,Ġfiltering
Ġfinal,Ġfinals
Ġfinally
Ġfinance,Ġfinances,Ġfinanced,Ġfinancing
Ġfinancial
Ġfind,Ġfinds,Ġfound,Ġfinding,Ġfindings
Ġfine,Ġfined,Ġfines,Ġfiner,Ġfinest
Ġfinger,Ġfingers
Ġfinish,Ġfinished,Ġfinishes,Ġfinishing
Ġfire,Ġfired,Ġfires,Ġfiring
Ġfirm,Ġfirms
Ġfirmly
Ġfirst
Ġfish,Ġfishes,Ġfishing
Ġfit,Ġfits,Ġfitted,Ġfitting
Ġfix,Ġfixes,Ġfixed,Ġfixing
Ġflag,Ġflags,Ġflagged
Ġflash,Ġflashes,Ġflashed,Ġflashing
Ġflat,Ġflats,Ġflatt
Ġflexible
Ġflight,Ġflights
Ġfloat,Ġfloats,Ġfloated,Ġfloating
Ġflood,Ġfloods,Ġflooded,Ġflooding
Ġfloor,Ġfloors
Ġflow,Ġflows,Ġflowed,Ġflowing
Ġflower,Ġflowers,Ġflowering
Ġfly,Ġflies,Ġflew,Ġflying,Ġflown
Ġfocus,Ġfocused,Ġfocuses,Ġfocusing
Ġfold,Ġfolds,Ġfolded,Ġfolding
Ġfolk,Ġfolks
Ġfollow,Ġfollowed,Ġfollows,Ġfollowing
Ġfood,Ġfoods
Ġfool,Ġfools,Ġfooled
Ġfoot,Ġfooting,Ġfeet
Ġfootball
Ġfor
Ġforce,Ġforced,Ġforces,Ġforcing
Ġforecast,Ġforecasts,Ġforecasting
Ġforeign
Ġforest,Ġforests
Ġforever
Ġforget,Ġforgot,Ġforgetting,Ġforgotten
Ġform,Ġformed,Ġforms,Ġforming
Ġformal
Ġformat,Ġformats,Ġformatted,Ġformatting
Ġformation,Ġformations
Ġformer
Ġformula,Ġformulas
Ġforth
Ġfortunate
Ġfortune,Ġfortunes
Ġforward,Ġforwarded,Ġforwards,Ġforwarding
Ġfound,Ġfounded,Ġfounding
Ġfoundation,Ġfoundations
Ġfragment,Ġfragments,Ġfragmented
Ġframe,Ġframes,Ġframed,Ġframing
Ġframework,Ġframeworks
Ġfree,Ġfreed,Ġfreeing
Ġfreedom,Ġfreedoms
Ġfreeze,Ġfreezes,Ġfroze,Ġfreezing,Ġfrozen
Ġfrequency,Ġfrequencies
Ġfrequent,Ġfrequ
Ġfrequently
Ġfresh
Ġfriend,Ġfriends
Ġfriendly,Ġfriend
Ġfriendship,Ġfriendships
Ġfrom
Ġfront,Ġfronts
Ġfruit,Ġfruits
Ġfuel,Ġfuels,Ġfueled,Ġfueling,Ġfuelled
Ġfulfill,Ġfulfilled,Ġfulfilling,Ġfulfil
Ġfull,Ġfuller,Ġfullest
Ġfully
Ġfun
Ġfunction,Ġfunctions,Ġfunctioning
Ġfunctional,Ġfunction
Ġfund,Ġfunded,Ġfunds,Ġfunding
Ġfundamental,Ġfundamentals
Ġfunny
Ġfurniture
Ġfurther,Ġfurthe
Ġfurthermore
Ġfuture,Ġfutures
Ġgain,Ġgains,Ġgained,Ġgaining
Ġgallery,Ġgalleries
Ġgame,Ġgames,Ġgaming
Ġgap,Ġgaps
Ġgarden,Ġgardens,Ġgardening
Ġgas,Ġgases
Ġgate,Ġgates
Ġgather,Ġgathers,Ġgathered,Ġgathering,Ġgatherings
Ġgay,Ġgays
Ġgaze,Ġgazed,Ġgazing
Ġgear,Ġgears,Ġgeared,Ġgearing
Ġgender,Ġgenders
Ġgene,Ġgenes
Ġgeneral,Ġgenerals
Ġgenerally
Ġgenerate,Ġgenerates,Ġgenerated,Ġgenerating,Ġgener
Ġgeneration,Ġgenerations
Ġgenetic
Ġgentle
Ġgentleman,Ġgentlemen,Ġgentle
Ġgently
Ġgenuine
Ġgesture,Ġgestures
Ġget,Ġgets,Ġgot,Ġgetting,Ġgotten,Ġgotta
Ġgiant,Ġgiants
Ġgift,Ġgifts,Ġgifted
Ġgirl,Ġgirls
Ġgive,Ġgave,Ġgives,Ġgiving,Ġgiven
Ġglad
Ġglance,Ġglances,Ġglanced
Ġglass,Ġglasses
Ġglobal
Ġgo,Ġgoes,Ġwent,Ġgoing,Ġgone,Ġgonna
Ġgoal,Ġgoals
Ġgod,Ġgods
Ġgold
Ġgolden
Ġgolf
Ġgood,Ġbetter,Ġbest
Ġgovern,Ġgoverns,Ġgoverned,Ġgoverning
Ġgovernment,Ġgovernments
Ġgovernor,Ġgovernors
Ġgrab,Ġgrabs,Ġgrabbed,Ġgrabbing
Ġgrade,Ġgraded,Ġgrades,Ġgrading
Ġgradually
Ġgraduate,Ġgraduates,Ġgraduated,Ġgraduating
Ġgrain,Ġgrains
Ġgrammar
Ġgrand
Ġgrandmother
Ġgrant,Ġgrants,Ġgranted,Ġgranting
Ġgrass
Ġgrateful
Ġgray,Ġgrey
Ġgreat,Ġgreater,Ġgreatest
Ġgreatly
Ġgreen,Ġgreens
Ġgreet,Ġgreets,Ġgreeted,Ġgreeting
Ġgrin,Ġgrinned,Ġgrinning
Ġground,Ġgrounds,Ġgrounded,Ġgrounding
Ġgroup,Ġgrouped,Ġgroups,Ġgrouping
Ġgrow,Ġgrew,Ġgrows,Ġgrowing,Ġgrown
Ġgrowth
Ġguarantee,Ġguarantees,Ġguaranteed,Ġguaranteeing,Ġguarant
Ġguard,Ġguards,Ġguarded,Ġguarding
Ġguess,Ġguessed,Ġguesses,Ġguessing
Ġguest,Ġguests
Ġguide,Ġguides,Ġguided,Ġguiding
Ġguideline,Ġguidelines
Ġguilty,Ġguilt
Ġguitar,Ġguitars
Ġgun,Ġguns,Ġgunned
Ġguy,Ġguys
Ġhabit,Ġhabits
Ġhair,Ġhairs
Ġhalf,Ġhalves
Ġhall,Ġhalls
Ġhand,Ġhanded,Ġhands,Ġhanding
Ġhandle,Ġhandles,Ġhandled,Ġhandling
Ġhang,Ġhangs,Ġhung,Ġhanging,Ġhanged
Ġhappen,Ġhappened,Ġhappens,Ġhappening
Ġhappiness
Ġhappy,Ġhappier,Ġhappiest
Ġharbor,Ġharbour
Ġhard,Ġharder,Ġhardest
Ġhardly
Ġharm,Ġharms,Ġharmed,Ġharming
Ġhat,Ġhats
Ġhate,Ġhated,Ġhates,Ġhating
Ġhave,Ġhaven,Ġve,Ġhas,Ġhasn,Ġhad,Ġhadn,Ġd,Ġhaving
Ġhe,Ġhim,Ġhis
Ġhead,Ġheaded,Ġheads,Ġheading
Ġhealth
Ġhealthy,Ġhealthier,Ġhealth
Ġhear,Ġheard,Ġhears,Ġhearing,Ġhearings
Ġheart,Ġhearts
Ġheat,Ġheats,Ġheated,Ġheating
Ġheavily
Ġheavy,Ġheavier,Ġheaviest
Ġheight,Ġheights
Ġhell
Ġhello
Ġhelp,Ġhelped,Ġhelps,Ġhelping
Ġhelpful
Ġhence
Ġhere
Ġhero,Ġheroes
Ġherself
Ġhesitate,Ġhesitated
Ġhi
Ġhide,Ġhides,Ġhid,Ġhiding,Ġhidden
Ġhigh,Ġhigher,Ġhighest,Ġhighs
Ġhighlight,Ġhighlights,Ġhighlighted,Ġhighlighting
Ġhighly
Ġhill,Ġhills
Ġhimself
Ġhint,Ġhints,Ġhinted
Ġhire,Ġhires,Ġhired,Ġhiring
Ġhistorian,Ġhistorians
Ġhistoric,Ġhistor
Ġhistorical
Ġhistory,Ġhistories
Ġhit,Ġhits,Ġhitting
Ġhold,Ġheld,Ġholds,Ġholding,Ġholdings
Ġholder,Ġholders
Ġhole,Ġholes
Ġholiday,Ġholidays
Ġhome,Ġhomes
Ġhonest
Ġhonor,Ġhonors,Ġhonored,Ġhonoring,Ġhonour,Ġhonoured
Ġhook,Ġhooks,Ġhooked
Ġhope,Ġhoped,Ġhopes,Ġhoping
Ġhopefully
Ġhorrible
Ġhorse,Ġhorses
Ġhospital,Ġhospitals
Ġhost,Ġhosts,Ġhosted,Ġhosting
Ġhot,Ġhots,Ġhotter,Ġhottest
Ġhotel,Ġhotels
Ġhour,Ġhours
Ġhouse,Ġhoused,Ġhouses,Ġhousing
Ġhousehold,Ġhouseholds
Ġhow
Ġhowever
Ġhuge
Ġhuman,Ġhumans
Ġhumor,Ġhumour
Ġhunger
Ġhunt,Ġhunts,Ġhunted,Ġhunting
Ġhurry,Ġhurried
Ġhurt,Ġhurts,Ġhurting
Ġhusband,Ġhusbands
Ġhypothesis,Ġhypotheses
ĠI,Ġme,Ġmy,Ġmine
Ġice
Ġidea,Ġideas
Ġideal,Ġideals
Ġidentify,Ġidentifies,Ġidentified,Ġidentifying
Ġidentity,Ġidentities
Ġif
Ġignore,Ġignores,Ġignored,Ġignoring,Ġignor
Ġill
Ġillegal,Ġilleg
Ġillness,Ġillnesses
Ġillustrate,Ġillustrates,Ġillustrated,Ġillustrating,Ġillust
Ġillustration,Ġillustrations
Ġimage,Ġimages,Ġimaging
Ġimagination
Ġimagine,Ġimagined,Ġimagining,Ġimagin
Ġimmediate
Ġimmediately
Ġimmigrant,Ġimmigrants
Ġimmigration
Ġimplement,Ġimplements,Ġimplemented,Ġimplementing
Ġimplementation,Ġimplementations
Ġimplication,Ġimplications
Ġimply,Ġimplies,Ġimplied,Ġimplying
Ġimport,Ġimports,Ġimported,Ġimporting
Ġimportance,Ġimport
Ġimportant
Ġimpose,Ġimposes,Ġimposed,Ġimposing
Ġimpossible
Ġimpress,Ġimpressed
Ġimpression,Ġimpressions
Ġimpressive
Ġimprove,Ġimproves,Ġimproved,Ġimproving,Ġimprov
Ġimprovement,Ġimprovements
Ġin,Ġins
Ġincentive,Ġincentives
Ġinch,Ġinches
Ġincident,Ġincidents
Ġinclude,Ġincluded,Ġincludes,Ġincluding,Ġinclud
Ġincome,Ġincomes
Ġincorporate,Ġincorporates,Ġincorporated,Ġincorporating,Ġincorpor
Ġincrease,Ġincreased,Ġincreases,Ġincreasing,Ġincre
Ġincreasingly
Ġindeed
Ġindependence,Ġindepend
Ġindependent,Ġindependents
Ġindex,Ġindexes,Ġindexed,Ġindices
Ġindicate,Ġindicates,Ġindicated,Ġindicating,Ġindic
Ġindication,Ġindications
Ġindividual,Ġindividuals
Ġindustrial,Ġindust
Ġindustry,Ġindustries
Ġinfant,Ġinfants
Ġinfection,Ġinfections
Ġinflation
Ġinfluence,Ġinfluences,Ġinfluenced,Ġinfluencing,Ġinflu
Ġinform,Ġinforms,Ġinformed,Ġinforming
Ġinformation,Ġinform
Ġinitial,Ġinitials,Ġiniti
Ġinitially
Ġinitiative,Ġinitiatives
Ġinjure,Ġinjured,Ġinjuring
Ġinjury,Ġinjuries
Ġinner
Ġinnocent,Ġinnoc
Ġinnovation,Ġinnovations
Ġinput,Ġinputs
Ġinquiry,Ġinquiries
Ġinside
Ġinsight,Ġinsights
Ġinsist,Ġinsists,Ġinsisted,Ġinsisting
Ġinspire,Ġinspires,Ġinspired,Ġinspiring,Ġinspir
Ġinstall,Ġinstalls,Ġinstalled,Ġinstalling
Ġinstance,Ġinstances
Ġinstead
Ġinstitution,Ġinstitutions
Ġinstitutional,Ġinstitution
Ġinstruction,Ġinstructions
Ġinstrument,Ġinstruments
Ġinsurance
Ġinsure,Ġinsured,Ġinsur
Ġintegrate,Ġintegrates,Ġintegrated,Ġintegrating,Ġinteg
Ġintellectual,Ġintellectuals
Ġintelligence,Ġintellig
Ġintend,Ġintends,Ġintended,Ġintending
Ġintense
Ġintention,Ġintentions
Ġinteraction,Ġinteractions
Ġinterest,Ġinterested,Ġinterests,Ġinteresting
Ġinterior,Ġinter
Ġinternal,Ġintern
Ġinternational
Ġinterpret,Ġinterpre,Ġinterpreted,Ġinterpreting
Ġinterpretation,Ġinterpretations
Ġintervention,Ġinterventions
Ġinterview,Ġinterviews,Ġinterviewed,Ġinterviewing
Ġinto
Ġintroduce,Ġintroduces,Ġintroduced,Ġintroducing
Ġintroduction,Ġintrodu
Ġinvent,Ġinvented
Ġinvest,Ġinvests,Ġinvested,Ġinvesting
Ġinvestigate,Ġinvestigates,Ġinvestigated,Ġinvestigating,Ġinvestig
Ġinvestigation,Ġinvestigations
Ġinvestment,Ġinvestments
Ġinvestor,Ġinvestors
Ġinvitation,Ġinvitations
Ġinvite,Ġinvites,Ġinvited,Ġinviting
Ġinvolve,Ġinvolved,Ġinvolves,Ġinvolving,Ġinvol
Ġinvolvement,Ġinvolve
Ġiron
Ġisland,Ġislands
Ġisolate,Ġisolated
Ġissue,Ġissued,Ġissues,Ġissuing
Ġit,Ġits
Ġitem,Ġitems
Ġitself
Ġjacket,Ġjackets
Ġjail,Ġjails,Ġjailed
Ġjob,Ġjobs
Ġjoin,Ġjoins,Ġjoined,Ġjoining
Ġjoint,Ġjoints
Ġjoke,Ġjokes,Ġjoked,Ġjoking
Ġjournal,Ġjournals
Ġjournalist,Ġjournalists
Ġjourney,Ġjourneys
Ġjoy
Ġjudge,Ġjudges,Ġjudged,Ġjudging
Ġjudgment,Ġjudgments,Ġjudgement
Ġjump,Ġjumps,Ġjumped,Ġjumping
Ġjury
Ġjust
Ġjustice,Ġjustices
Ġjustify,Ġjustifies,Ġjustified,Ġjustifying
Ġkeen
Ġkeep,Ġkeeps,Ġkeeping,Ġkept
Ġkey,Ġkeys
Ġkick,Ġkicks,Ġkicked,Ġkicking
Ġkid,Ġkids,Ġkidding
Ġkill,Ġkilled,Ġkills,Ġkilling,Ġkillings
Ġkind,Ġkinda,Ġkinds
Ġking,Ġkings
Ġkiss,Ġkisses,Ġkissed,Ġkissing
Ġkitchen,Ġkitchens
Ġknee,Ġknees
Ġknife,Ġknives
Ġknock,Ġknocks,Ġknocked,Ġknocking
Ġknow,Ġknew,Ġknows,Ġknowing,Ġknown
Ġknowledge
Ġlabel,Ġlabels,Ġlabeled,Ġlabeling,Ġlabelled
Ġlabor,Ġlabour
Ġlaboratory,Ġlaboratories
Ġlack,Ġlacks,Ġlacked,Ġlacking
Ġlady,Ġladies
Ġlake,Ġlakes
Ġland,Ġlanded,Ġlands,Ġlanding
Ġlandscape,Ġlandscapes,Ġlandsc
Ġlanguage,Ġlanguages
Ġlarge,Ġlarger,Ġlargest
Ġlargely
Ġlast,Ġlasted,Ġlasts,Ġlasting
Ġlate,Ġlater,Ġlatest
Ġlatter
Ġlaugh,Ġlaughed,Ġlaughs,Ġlaughing
Ġlaughter,Ġlaugh
Ġlaunch,Ġlaunches,Ġlaunched,Ġlaunching
Ġlaw,Ġlaws
Ġlawyer,Ġlawyers
Ġlay,Ġlays,Ġlaid,Ġlaying
Ġlayer,Ġlayers,Ġlayered
Ġlazy
Ġlead,Ġleads,Ġled,Ġleading
Ġleader,Ġleaders
Ġleadership
Ġleague,Ġleagues
Ġlean,Ġleans,Ġleaned,Ġleaning
Ġleap,Ġleaps,Ġleaping,Ġleapt
Ġlearn,Ġlearned,Ġlearns,Ġlearning,Ġlearnt
Ġleast
Ġleather
Ġleave,Ġleaves,Ġleaving,Ġleft
Ġlecture,Ġlectures
Ġleft
Ġleg,Ġlegs
Ġlegal
Ġlegislation,Ġlegisl
Ġlend,Ġlends,Ġlent,Ġlending
Ġlength,Ġlengths
Ġless
Ġlesson,Ġlessons
Ġlet,Ġlets,Ġletting
Ġletter,Ġletters
Ġlevel,Ġleveled,Ġlevels,Ġleveling
Ġliability,Ġliabilities
Ġliberal,Ġliberals
Ġlibrary,Ġlibraries
Ġlicense,Ġlicenses,Ġlicensed,Ġlicensing,Ġlicence,Ġlicences
Ġlie,Ġlies,Ġlied,Ġlying
Ġlife,Ġlifes
Ġlift,Ġlifts,Ġlifted,Ġlifting
Ġlight,Ġlights,Ġlit,Ġlighting
Ġlike,Ġliked,Ġlikes,Ġliking
Ġlikely
Ġlimit,Ġlimits,Ġlimited,Ġlimiting
Ġlimitation,Ġlimitations
Ġline,Ġlined,Ġlines,Ġlining
Ġlink,Ġlinks,Ġlinked,Ġlinking
Ġlip,Ġlips
Ġliquid,Ġliquids
Ġlist,Ġlisted,Ġlists,Ġlisting,Ġlistings
Ġlisten,Ġlistened,Ġlistens,Ġlistening
Ġlistener,Ġlisteners
Ġliterally
Ġliterary
Ġliterature,Ġliter
Ġlittle
Ġlive,Ġlived,Ġlives,Ġliving
Ġload,Ġloaded,Ġloads,Ġloading
Ġloan,Ġloans
Ġlocal,Ġlocals
Ġlocate,Ġlocated,Ġlocating
Ġlocation,Ġlocations
Ġlock,Ġlocks,Ġlocked,Ġlocking
Ġlog,Ġlogs,Ġlogged,Ġlogging
Ġlogic
Ġlong,Ġlonging,Ġlonger,Ġlongest
Ġlook,Ġlooked,Ġlooks,Ġlooking
Ġloose
Ġlose,Ġloses,Ġlost,Ġlosing
Ġloss,Ġlosses
Ġlot,Ġlots
Ġloud,Ġlouder
Ġlove,Ġloved,Ġloves,Ġloving
Ġlovely
Ġlover,Ġlovers
Ġlow,Ġlows,Ġlower,Ġlowest,Ġlowers,Ġlowered,Ġlowering
Ġluck
Ġlucky
Ġlunch
Ġluxury
Ġmachine,Ġmachines
Ġmad
Ġmagazine,Ġmagazines
Ġmagic
Ġmail,Ġmailed,Ġmailing
Ġmain
Ġmainly
Ġmaintain,Ġmaintains,Ġmaintained,Ġmaintaining
Ġmaintenance
Ġmajor,Ġmajors
Ġmajority,Ġmajorities
Ġmake,Ġmade,Ġmakes,Ġmaking
Ġmaker,Ġmakers
Ġmale,Ġmales
Ġman,Ġmanned,Ġmans,Ġmen
Ġmanage,Ġmanages,Ġmanaged,Ġmanaging,Ġmanag
Ġmanagement,Ġmanag
Ġmanager,Ġmanagers
Ġmanner,Ġmanners
Ġmanufacture,Ġmanufactures,Ġmanufactured,Ġmanufacturing,Ġmanufact
Ġmanufacturer,Ġmanufacturers
Ġmany
Ġmap,Ġmaps,Ġmapped,Ġmapping
Ġmarch,Ġmarches,Ġmarched,Ġmarching
Ġmargin,Ġmargins
Ġmark,Ġmarks,Ġmarked,Ġmarking,Ġmarkings
Ġmarket,Ġmarketed,Ġmarkets,Ġmarketing
Ġmarriage,Ġmarriages
Ġmarry,Ġmarried,Ġmarrying
Ġmass,Ġmasses
Ġmassive
Ġmaster,Ġmasters,Ġmastered,Ġmastering
Ġmatch,Ġmatches,Ġmatched,Ġmatching
Ġmate,Ġmates,Ġmating
Ġmaterial,Ġmaterials
Ġmathematics,Ġmath,Ġmathematic,Ġmaths
Ġmatter,Ġmattered,Ġmatters
Ġmature,Ġmatured
Ġmaximum
Ġmay
Ġmaybe
Ġmayor,Ġmayors
Ġmeal,Ġmeals
Ġmean,Ġmeans,Ġmeaning,Ġmeant,Ġmeanings
Ġmeanwhile
Ġmeasure,Ġmeasures,Ġmeasured,Ġmeasuring
Ġmeasurement,Ġmeasurements
Ġmeat,Ġmeats
Ġmechanism,Ġmechanisms
Ġmedical
Ġmedicine,Ġmedicines
Ġmedium
Ġmeet,Ġmeets,Ġmeeting,Ġmet,Ġmeetings
Ġmember,Ġmembers
Ġmembership,Ġmembers
Ġmemory,Ġmemories
Ġmental
Ġmention,Ġmentioned,Ġmentions,Ġmentioning
Ġmenu,Ġmenus
Ġmere
Ġmerely
Ġmess,Ġmessed,Ġmessing
Ġmessage,Ġmessages,Ġmessaging
Ġmetal,Ġmetals
Ġmeter,Ġmeters,Ġmetre,Ġmetres
Ġmethod,Ġmethods
Ġmiddle
Ġmight
Ġmile,Ġmiles
Ġmilitary,Ġmilit
Ġmilk
Ġmind,Ġminded,Ġminds
Ġmine,Ġmined,Ġmines,Ġmining
Ġminimum
Ġminister,Ġministers
Ġminor,Ġminors
Ġminority,Ġminorities
Ġminute,Ġminutes
Ġmirror,Ġmirrors,Ġmirrored
Ġmiss,Ġmissed,Ġmisses,Ġmissing
Ġmission,Ġmissions
Ġmistake,Ġmistakes
Ġmix,Ġmixes,Ġmixed,Ġmixing
Ġmixture
Ġmobile
Ġmode,Ġmodes
Ġmodel,Ġmodels,Ġmodeled,Ġmodeling,Ġmodelling
Ġmoderate,Ġmoderates,Ġmoder
Ġmodern
Ġmodify,Ġmodified,Ġmodifying
Ġmodule,Ġmodules
Ġmom,Ġmoms
Ġmoment,Ġmoments
Ġmoney
Ġmonitor,Ġmonitors,Ġmonitored,Ġmonitoring
Ġmonth,Ġmonths
Ġmonthly
Ġmood
Ġmoon,Ġmoons
Ġmoral,Ġmorals
Ġmore
Ġmoreover
Ġmorning,Ġmornings
Ġmortgage,Ġmortgages,Ġmortg
Ġmost
Ġmostly
Ġmother,Ġmothers
Ġmotion,Ġmotions
Ġmotivate,Ġmotiv,Ġmotivated,Ġmotivating
Ġmotivation,Ġmotivations
Ġmotor,Ġmotors
Ġmount,Ġmounts,Ġmounted,Ġmounting
Ġmountain,Ġmountains
Ġmouse,Ġmice
Ġmouth,Ġmouths
Ġmove,Ġmoved,Ġmoves,Ġmoving
Ġmovement,Ġmovements
Ġmovie,Ġmovies
Ġmuch
Ġmultiple,Ġmulti
Ġmurder,Ġmurders,Ġmurdered,Ġmurdering
Ġmuscle,Ġmuscles
Ġmuseum,Ġmuseums
Ġmusic
Ġmusical
Ġmusician,Ġmusicians
Ġmust
Ġmutual
Ġmyself
Ġmystery,Ġmysteries
Ġname,Ġnamed,Ġnames,Ġnaming
Ġnarrative,Ġnarratives
Ġnarrow,Ġnarrowed,Ġnarrowing,Ġnarrower
Ġnation,Ġnations
Ġnational,Ġnationals
Ġnative,Ġnatives
Ġnatural
Ġnaturally
Ġnature
Ġnear,Ġnearing,Ġnearer,Ġnearest
Ġnearby
Ġnearly
Ġnecessarily
Ġnecessary,Ġnecess
Ġneck,Ġnecks
Ġneed,Ġneeded,Ġneeds,Ġneeding
Ġnegative,Ġnegatives
Ġneglect,Ġneglected
Ġnegotiate,Ġnegoti,Ġnegotiated,Ġnegotiating
Ġnegotiation,Ġnegotiations
Ġneighbor,Ġneighbors,Ġneighb,Ġneighboring,Ġneighbour,Ġneighbours,Ġneighbouring
Ġneighborhood,Ġneighborhoods,Ġneighbourhood,Ġneighbourhoods
Ġneither
Ġnerve,Ġnerves
Ġnervous
Ġnet,Ġnets,Ġnetted
Ġnetwork,Ġnetworks,Ġnetworking
Ġnever
Ġnevertheless
Ġnew,Ġnewer,Ġnewest
Ġnewly
Ġnews
Ġnewspaper,Ġnewspapers
Ġnext
Ġnice,Ġnicer
Ġnight,Ġnights
Ġno,Ġnos
Ġnobody
Ġnoise,Ġnoises
Ġnone
Ġnor
Ġnormal
Ġnormally
Ġnorth
Ġnorthern
Ġnose,Ġnoses
Ġnot,Ġt
Ġnote,Ġnoted,Ġnotes,Ġnoting
Ġnothing
Ġnotice,Ġnoticed,Ġnotices,Ġnoticing
Ġnotion,Ġnotions
Ġnoun
Ġnovel,Ġnovels
Ġnow
Ġnowadays
Ġnowhere
Ġnuclear,Ġnucle
Ġnumber,Ġnumbered,Ġnumbers,Ġnumbering
Ġnumerous
Ġnurse,Ġnurses,Ġnursing
Ġobject,Ġobjects,Ġobjected
Ġobjective,Ġobjectives
Ġobligation,Ġobligations
Ġobservation,Ġobservations
Ġobserve,Ġobserves,Ġobserved,Ġobserving,Ġobserv
Ġobvious
Ġobviously
Ġoccasion,Ġoccasions
Ġoccasionally
Ġoccupy,Ġoccupies,Ġoccupied,Ġoccupying
Ġoccur,Ġoccurs,Ġoccurred,Ġoccurring
Ġocean,Ġoceans
Ġodd
Ġof
Ġoff
Ġoffense,Ġoffenses,Ġoffence,Ġoffences
Ġoffer,Ġoffered,Ġoffers,Ġoffering,Ġofferings
Ġoffice,Ġoffices
Ġofficer,Ġofficers,Ġoffice,Ġoffic
Ġofficial,Ġofficials
Ġoften
Ġoil,Ġoils
Ġokay,Ġok
Ġold,Ġolder,Ġoldest,Ġolds
Ġon
Ġonce
Ġone,Ġones
Ġonline
Ġonly
Ġonto
Ġopen,Ġopened,Ġopens,Ġopening,Ġopenings
Ġopera
Ġoperate,Ġoperates,Ġoperated,Ġoperating
Ġoperation,Ġoperations
Ġoperator,Ġoperators
Ġopinion,Ġopinions
Ġopponent,Ġopponents
Ġopportunity,Ġopportunities
Ġoppose,Ġopposes,Ġopposed,Ġopposing,Ġoppos
Ġopposite,Ġoppos
Ġopposition,Ġoppos
Ġoption,Ġoptions
Ġor
Ġorange,Ġoranges
Ġorder,Ġordered,Ġorders,Ġordering
Ġordinary
Ġorganic,Ġorgan
Ġorganization,Ġorganizations,Ġorganisation,Ġorganisations
Ġorganize,Ġorgan,Ġorganized,Ġorganizing,Ġorganise,Ġorganised,Ġorganising,Ġorganis
Ġorigin,Ġorigins
Ġoriginal,Ġoriginals
Ġoriginally
Ġother,Ġothers
Ġotherwise
Ġought
Ġourselves
Ġout,Ġouts,Ġouting,Ġoutings
Ġoutcome,Ġoutcomes
Ġoutline,Ġoutlines,Ġoutlined,Ġoutlining
Ġoutput,Ġoutputs
Ġoutside
Ġover,Ġovers
Ġoverall
Ġovercome,Ġovercame,Ġovercoming
Ġoverseas
Ġowe,Ġowes,Ġowed,Ġowing
Ġown,Ġowned,Ġowns,Ġowning
Ġowner,Ġowners
Ġownership,Ġowners
Ġpace,Ġpaced,Ġpacing
Ġpack,Ġpacks,Ġpacked,Ġpacking
Ġpackage,Ġpackages,Ġpackaged,Ġpackaging
Ġpage,Ġpages
Ġpain,Ġpains
Ġpaint,Ġpaints,Ġpainted,Ġpainting,Ġpaintings
Ġpair,Ġpairs,Ġpaired,Ġpairing
Ġpale
Ġpanel,Ġpanels
Ġpanic,Ġpanicked
Ġpaper,Ġpapers
Ġparagraph,Ġparagraphs
Ġparallel,Ġparallels,Ġparalle
Ġparent,Ġparents,Ġparenting
Ġpark,Ġparked,Ġparks,Ġparking
Ġpart,Ġparted,Ġparts,Ġparting
Ġparticipant,Ġparticipants
Ġparticipate,Ġparticipates,Ġparticipated,Ġparticipating,Ġparticip
Ġparticipation,Ġparticip
Ġparticular,Ġparticulars
Ġparticularly
Ġpartly
Ġpartner,Ġpartners,Ġpartnered,Ġpartnering
Ġpartnership,Ġpartnerships
Ġparty,Ġparties,Ġpartying
Ġpass,Ġpassed,Ġpasses,Ġpassing
Ġpassage,Ġpassages
Ġpassenger,Ġpassengers
Ġpassion,Ġpassions
Ġpast
Ġpath,Ġpaths
Ġpatient,Ġpatients
Ġpattern,Ġpatterns
Ġpause,Ġpaused,Ġpauses
Ġpay,Ġpaid,Ġpays,Ġpaying
Ġpayment,Ġpayments
Ġpeace
Ġpeak,Ġpeaks,Ġpeaked
Ġpeer,Ġpeers
Ġpen,Ġpens,Ġpenned
Ġpenalty,Ġpenalties
Ġpension,Ġpensions
Ġpeople,Ġpeoples
Ġper
Ġperceive,Ġperce,Ġperceived
Ġpercent
Ġpercentage,Ġpercentages
Ġperception,Ġperceptions
Ġperfect,Ġperfected
Ġperfectly
Ġperform,Ġperforms,Ġperformed,Ġperforming
Ġperformance,Ġperformances
Ġperhaps
Ġperiod,Ġperiods
Ġpermanent
Ġpermission,Ġpermissions
Ġpermit,Ġpermits,Ġpermitted,Ġpermitting
Ġperson,Ġpersons
Ġpersonal,Ġperson
Ġpersonality,Ġpersonalities
Ġpersonally
Ġpersonnel,Ġperson
Ġperspective,Ġperspectives
Ġpersuade,Ġpersu,Ġpersuaded
Ġphase,Ġphases,Ġphased
Ġphenomenon,Ġphenomena
Ġphilosophy,Ġphilosophies
Ġphone,Ġphones
Ġphoto,Ġphotos
Ġphotograph,Ġphotographs,Ġphotographed,Ġphotograp
Ġphrase,Ġphrases
Ġphysical
Ġpiano
Ġpick,Ġpicked,Ġpicks,Ġpicking
Ġpicture,Ġpictured,Ġpictures
Ġpiece,Ġpieces
Ġpig,Ġpigs
Ġpile,Ġpiles,Ġpiled,Ġpiling
Ġpilot,Ġpilots
Ġpink
Ġpipe,Ġpipes,Ġpiping
Ġpitch,Ġpitches,Ġpitched,Ġpitching
Ġplace,Ġplaced,Ġplaces,Ġplacing
Ġplain,Ġplains
Ġplan,Ġplanned,Ġplans,Ġplanning
Ġplane,Ġplanes
Ġplanet,Ġplanets
Ġplant,Ġplants,Ġplanted,Ġplanting
Ġplastic,Ġplastics
Ġplate,Ġplates
Ġplatform,Ġplatforms
Ġplay,Ġplayed,Ġplays,Ġplaying
Ġplayer,Ġplayers
Ġpleasant,Ġpleas
Ġplease,Ġpleased,Ġpleasing,Ġpleas
Ġpleasure,Ġpleasures,Ġpleas
Ġplenty,Ġplent
Ġplot,Ġplots,Ġplotted,Ġplotting
Ġplus
Ġpocket,Ġpockets
Ġpoem,Ġpoems
Ġpoet,Ġpoets
Ġpoetry
Ġpoint,Ġpointed,Ġpoints,Ġpointing
Ġpolice,Ġpolic,Ġpolicing
Ġpolicy,Ġpolicies
Ġpolitical
Ġpolitician,Ġpoliticians
Ġpolitics
Ġpoll,Ġpolls,Ġpolled,Ġpolling
Ġpollution
Ġpool,Ġpools,Ġpooled
Ġpoor,Ġpoorer,Ġpoorest
Ġpop,Ġpops,Ġpopped,Ġpopping
Ġpopular
Ġpopulation,Ġpopulations
Ġport,Ġports,Ġported
Ġportion,Ġportions
Ġportrait,Ġportraits
Ġpose,Ġposes,Ġposed,Ġposing
Ġposition,Ġpositioned,Ġpositions,Ġpositioning
Ġpositive,Ġpositives
Ġpossess,Ġpossesses,Ġpossessed,Ġpossessing
Ġpossession,Ġpossessions
Ġpossibility,Ġpossibilities
Ġpossible
Ġpossibly
Ġpost,Ġposts,Ġposted,Ġposting,Ġpostings
Ġpot,Ġpots
Ġpotato,Ġpotatoes
Ġpotential
Ġpotentially
Ġpound,Ġpounded,Ġpounds,Ġpounding
Ġpour,Ġpoured,Ġpouring
Ġpoverty
Ġpower,Ġpowered,Ġpowers,Ġpowering
Ġpowerful
Ġpractical
Ġpractice,Ġpractices,Ġpracticed,Ġpracticing,Ġpractise,Ġpract
Ġpraise,Ġpraises,Ġpraised,Ġpraising
Ġpray,Ġprayed,Ġpraying
Ġprecise
Ġprecisely
Ġpredict,Ġpredicts,Ġpredicted,Ġpredicting
Ġprefer,Ġprefers,Ġpreferring,Ġpreferred
Ġpreference,Ġpreferences
Ġpregnancy,Ġpregnancies
Ġpregnant
Ġpremise,Ġpremises
Ġpreparation,Ġpreparations
Ġprepare,Ġprepares,Ġprepared,Ġpreparing,Ġprepar
Ġpresence
Ġpresent,Ġpresented,Ġpresents,Ġpresenting
Ġpresentation,Ġpresentations
Ġpreserve,Ġpreserves,Ġpreserved,Ġpreserving
Ġpresident,Ġpresidents
Ġpresidential
Ġpress,Ġpressed,Ġpresses,Ġpressing
Ġpressure,Ġpressures,Ġpressured,Ġpressuring,Ġpress
Ġpresumably
Ġpretend,Ġpretended,Ġpretending
Ġpretty,Ġprett
Ġprevent,Ġprevents,Ġprevented,Ġpreventing
Ġprevious
Ġpreviously
Ġprice,Ġpriced,Ġprices,Ġpricing
Ġpride
Ġprimarily
Ġprimary,Ġprimaries
Ġprime,Ġprimed
Ġprincipal,Ġprincipals
Ġprinciple,Ġprinciples,Ġprincipled
Ġprint,Ġprints,Ġprinted,Ġprinting
Ġprinter,Ġprinters
Ġprior
Ġpriority,Ġpriorities
Ġprison,Ġprisons
Ġprisoner,Ġprisoners
Ġprivate
Ġprivilege,Ġprivileges,Ġprivileged,Ġprivile
Ġprize,Ġprizes,Ġprized
Ġpro,Ġpros
Ġprobability,Ġprobabilities
Ġprobably
Ġproblem,Ġproblems
Ġprocedure,Ġprocedures
Ġproceed,Ġproceeds,Ġproceeded,Ġproceeding,Ġproceedings
Ġprocess,Ġprocessed,Ġprocesses,Ġprocessing
Ġproduce,Ġproduced,Ġproduces,Ġproducing,Ġprodu
Ġproducer,Ġproducers
Ġproduct,Ġproducts
Ġproduction,Ġproductions
Ġprofession,Ġprofessions
Ġprofessional,Ġprofessionals
Ġprofessor,Ġprofessors,Ġprof
Ġprofile,Ġprofiles,Ġprofiling
Ġprofit,Ġprofits
Ġprogram,Ġprograms,Ġprogramme,Ġprogrammes,Ġprogrammed,Ġprogramming
Ġprogress,Ġprogresses,Ġprogressed,Ġprogressing
Ġproject,Ġprojected,Ġprojects,Ġprojecting
Ġpromise,Ġpromises,Ġpromised,Ġpromising
Ġpromote,Ġpromotes,Ġpromoted,Ġpromoting,Ġpromot
Ġpromotion,Ġpromotions
Ġprompt,Ġprompts,Ġprompted,Ġprompting
Ġproof,Ġproofs
Ġproper
Ġproperly
Ġproperty,Ġproperties
Ġproportion,Ġproportions
Ġproposal,Ġproposals
Ġpropose,Ġproposes,Ġproposed,Ġproposing,Ġpropos
Ġprospect,Ġprospects
Ġprotect,Ġprotects,Ġprotected,Ġprotecting
Ġprotection,Ġprotections
Ġprotein,Ġproteins
Ġprotest,Ġprotests,Ġprotested,Ġprotesting
Ġproud
Ġprove,Ġproves,Ġproved,Ġproving,Ġproven
Ġprovide,Ġprovided,Ġprovides,Ġproviding
Ġprovince,Ġprovinces
Ġprovision,Ġprovisions
Ġpsychological
Ġpub,Ġpubs
Ġpublic
Ġpublication,Ġpublications
Ġpublisher,Ġpublishers
Ġpull,Ġpulled,Ġpulls,Ġpulling
Ġpump,Ġpumps,Ġpumped,Ġpumping
Ġpupil,Ġpupils
Ġpurchase,Ġpurchases,Ġpurchased,Ġpurchasing,Ġpurch
Ġpure
Ġpurpose,Ġpurposes
Ġpursue,Ġpursued,Ġpursuing,Ġpursu
Ġpush,Ġpushed,Ġpushes,Ġpushing
Ġput,Ġputs,Ġputting
Ġqualification,Ġqualifications
Ġqualify,Ġqualifies,Ġqualified,Ġqualifying
Ġquality,Ġqualities
Ġquantity,Ġquantities
Ġquarter,Ġquarters,Ġquart
Ġquestion,Ġquestioned,Ġquestions,Ġquestioning
Ġquick,Ġquicker,Ġquickest
Ġquickly
Ġquiet,Ġquieter
Ġquietly
Ġquite
Ġquote,Ġquotes,Ġquoted,Ġquoting
Ġrace,Ġraces,Ġraced,Ġracing
Ġracial
Ġradical,Ġradicals
Ġradio,Ġradios
Ġrail,Ġrails,Ġrailing
Ġrain,Ġrains,Ġraining
Ġraise,Ġraised,Ġraises,Ġraising
Ġrandom
Ġrange,Ġranges,Ġranged,Ġranging
Ġrank,Ġranks,Ġranked,Ġranking,Ġrankings
Ġrapid
Ġrapidly
Ġrare
Ġrarely
Ġrat,Ġrats
Ġrate,Ġrated,Ġrates,Ġrating,Ġratings
Ġrather
Ġratio,Ġratios
Ġraw
Ġreach,Ġreaches,Ġreached,Ġreaching
Ġreact,Ġreacts,Ġreacted,Ġreacting
Ġreaction,Ġreactions
Ġread,Ġreads,Ġreading,Ġreadings
Ġreader,Ġreaders
Ġready
Ġreal
Ġreality,Ġrealities
Ġrealize,Ġrealized,Ġrealizes,Ġrealizing,Ġrealise,Ġrealised
Ġreally
Ġrear
Ġreason,Ġreasoned,Ġreasons,Ġreasoning
Ġreasonable,Ġreason
Ġreasonably
Ġrecall,Ġrecalls,Ġrecalled,Ġrecalling
Ġreceive,Ġreceived,Ġreceives,Ġreceiving
Ġrecent
Ġrecently
Ġreckon,Ġreckoned,Ġreckoning
Ġrecognition,Ġrecogn
Ġrecognize,Ġrecognizes,Ġrecognized,Ġrecognizing,Ġrecognise,Ġrecogn,Ġrecognised
Ġrecommend,Ġrecommends,Ġrecommended,Ġrecommending
Ġrecommendation,Ġrecommendations
Ġrecord,Ġrecorded,Ġrecords,Ġrecording,Ġrecordings
Ġrecover,Ġrecovers,Ġrecovered,Ġrecovering
Ġrecovery,Ġrecover
Ġrecruit,Ġrecruits,Ġrecruited,Ġrecruiting
Ġred
Ġreduce,Ġreduces,Ġreduced,Ġreducing
Ġreduction,Ġreductions
Ġrefer,Ġrefers,Ġreferring,Ġreferred
Ġreference,Ġreferences,Ġreferenced,Ġreferencing,Ġrefere
Ġreflect,Ġreflects,Ġreflected,Ġreflecting
Ġreflection,Ġreflections
Ġreform,Ġreforms,Ġreformed,Ġreforming
Ġrefugee,Ġrefugees
Ġrefuse,Ġrefuses,Ġrefused,Ġrefusing
Ġregard,Ġregards,Ġregarded,Ġregarding
Ġregardless
Ġregion,Ġregions
Ġregional,Ġregion
Ġregister,Ġregisters,Ġregistered,Ġregistering
Ġregistration,Ġregistrations
Ġregret,Ġregrets,Ġregretted,Ġregrett
Ġregular,Ġregulars
Ġregularly
Ġregulate,Ġregulates,Ġregulated,Ġregulating,Ġregul
Ġregulation,Ġregulations
Ġreject,Ġrejects,Ġrejected,Ġrejecting
Ġrelate,Ġrelated,Ġrelates,Ġrelating,Ġrelat
Ġrelation,Ġrelations
Ġrelationship,Ġrelationships
Ġrelative,Ġrelatives
Ġrelatively
Ġrelax,Ġrelaxed,Ġrelaxing
Ġrelease,Ġreleases,Ġreleased,Ġreleasing
Ġrelevant
Ġreliable
Ġrelief
Ġreligion,Ġreligions
Ġreligious
Ġrely,Ġrelies,Ġrelied,Ġrelying
Ġremain,Ġremains,Ġremained,Ġremaining
Ġremark,Ġremarks,Ġremarked
Ġremarkable,Ġremark
Ġremember,Ġremembered,Ġremembers,Ġremembering
Ġremind,Ġreminds,Ġreminded,Ġreminding
Ġremote
Ġremove,Ġremoves,Ġremoved,Ġremoving
Ġrent,Ġrents,Ġrented,Ġrenting
Ġrepair,Ġrepairs,Ġrepaired,Ġrepairing
Ġrepeat,Ġrepeats,Ġrepeated,Ġrepeating
Ġreplace,Ġreplaces,Ġreplaced,Ġreplacing
Ġreply,Ġreplies,Ġreplied
Ġreport,Ġreported,Ġreports,Ġreporting
Ġreporter,Ġreporters
Ġrepresent,Ġrepresents,Ġrepresented,Ġrepresenting
Ġrepresentation,Ġrepresentations
Ġrepresentative,Ġrepresentatives
Ġreputation
Ġrequest,Ġrequests,Ġrequested,Ġrequesting
Ġrequire,Ġrequired,Ġrequires,Ġrequiring
Ġrequirement,Ġrequirements
Ġrescue,Ġrescued,Ġrescuing
Ġresearch,Ġresearched,Ġresear,Ġresearching
Ġresearcher,Ġresearchers
Ġreserve,Ġreserves,Ġreserved,Ġreserv
Ġresident,Ġresidents
Ġresign,Ġresigned
Ġresist,Ġresists,Ġresisted,Ġresisting
Ġresistance,Ġresist
Ġresolution,Ġresolutions
Ġresolve,Ġresolves,Ġresolved,Ġresolving
Ġresort,Ġresorts,Ġresorted
Ġresource,Ġresources
Ġrespect,Ġrespects,Ġrespected,Ġrespecting
Ġrespectively
Ġrespond,Ġresponds,Ġresponded,Ġresponding
Ġresponse,Ġrespons,Ġresponses
Ġresponsibility,Ġresponsibilities
Ġresponsible,Ġrespons
Ġrest,Ġrested,Ġrests,Ġresting
Ġrestaurant,Ġrestaurants
Ġrestore,Ġrestores,Ġrestored,Ġrestoring
Ġrestrict,Ġrestricts,Ġrestricted,Ġrestricting
Ġrestriction,Ġrestrictions
Ġresult,Ġresulted,Ġresults,Ġresulting
Ġretail
Ġretain,Ġretains,Ġretained,Ġretaining
Ġretire,Ġretired,Ġretiring
Ġretirement,Ġretire
Ġreturn,Ġreturns,Ġreturned,Ġreturning
Ġreveal,Ġreveals,Ġrevealed,Ġrevealing
Ġrevenue,Ġrevenues
Ġreverse,Ġrevers,Ġreversed,Ġreversing
Ġreview,Ġreviewed,Ġreviews,Ġreviewing
Ġrevise,Ġrevised,Ġrevis
Ġrevolution,Ġrevolutions
Ġreward,Ġrewards,Ġrewarded,Ġrewarding
Ġrice
Ġrich,Ġricher,Ġrichest
Ġrid
Ġride,Ġrides,Ġrode,Ġriding,Ġridden
Ġright,Ġrights
Ġring,Ġrings,Ġrang,Ġringing
Ġrise,Ġrises,Ġrose,Ġrisen,Ġrising
Ġrisk,Ġrisks,Ġrisked,Ġrisking
Ġrival,Ġrivals
Ġriver,Ġrivers
Ġroad,Ġroads
Ġrock,Ġrocks,Ġrocked,Ġrocking
Ġrole,Ġroles
Ġroll,Ġrolls,Ġrolled,Ġrolling
Ġromantic
Ġroof,Ġroofs
Ġroom,Ġrooms
Ġroot,Ġroots,Ġrooted,Ġrooting
Ġrose,Ġroses
Ġrough
Ġroughly
Ġround,Ġrounded,Ġrounds,Ġrounding
Ġroute,Ġroutes
Ġroutine,Ġroutines
Ġrow,Ġrows
Ġroyal
Ġruin,Ġruins,Ġruined,Ġruining
Ġrule,Ġruled,Ġrules,Ġruling,Ġrulings
Ġrun,Ġran,Ġruns,Ġrunning
Ġrural
Ġrush,Ġrushes,Ġrushed,Ġrushing
Ġsad
Ġsafe,Ġsafer,Ġsafest
Ġsafety
Ġsail,Ġsails,Ġsailed,Ġsailing
Ġsake
Ġsalary,Ġsalaries
Ġsale,Ġsales
Ġsalt,Ġsalts
Ġsame
Ġsample,Ġsamples,Ġsampled,Ġsampling
Ġsanction,Ġsanctions,Ġsanctioned
Ġsand,Ġsands
Ġsatisfaction,Ġsatisf
Ġsatisfy,Ġsatisfies,Ġsatisfied,Ġsatisfying
Ġsave,Ġsaved,Ġsaves,Ġsaving,Ġsavings
Ġsay,Ġsaid,Ġsays,Ġsaying
Ġscale,Ġscales,Ġscaled,Ġscaling
Ġscan,Ġscans,Ġscanned,Ġscanning
Ġscare,Ġscares,Ġscared
Ġscene,Ġscenes
Ġschedule,Ġschedules,Ġscheduled,Ġscheduling,Ġsched
Ġscheme,Ġschemes
Ġscholar,Ġscholars
Ġschool,Ġschools,Ġschooling
Ġscience,Ġsciences
Ġscientific
Ġscientist,Ġscientists
Ġscope
Ġscore,Ġscored,Ġscores,Ġscoring
Ġscream,Ġscreams,Ġscreamed,Ġscreaming
Ġscreen,Ġscreens,Ġscreened,Ġscreening,Ġscreenings
Ġsea,Ġseas
Ġseal,Ġseals,Ġsealed,Ġsealing
Ġsearch,Ġsearches,Ġsearched,Ġsearching
Ġseason,Ġseasons,Ġseasoned,Ġseasoning
Ġseat,Ġseats,Ġseated,Ġseating
Ġsecond,Ġseconds,Ġsec
Ġsecondary,Ġsecond
Ġsecondly
Ġsecret,Ġsecrets
Ġsecretary,Ġsecretaries
Ġsection,Ġsections
Ġsector,Ġsectors
Ġsecure,Ġsecured,Ġsecuring
Ġsecurity,Ġsecurities
Ġsee,Ġsaw,Ġsees,Ġseeing,Ġseen
Ġseed,Ġseeds,Ġseeded
Ġseek,Ġseeks,Ġsought,Ġseeking
Ġseem,Ġseemed,Ġseems,Ġseeming
Ġsegment,Ġsegments
Ġselect,Ġselects,Ġselected,Ġselecting
Ġselection,Ġselections
Ġself,Ġselves
Ġsell,Ġsells,Ġsold,Ġselling
Ġsend,Ġsends,Ġsending,Ġsent
Ġsenior,Ġseniors
Ġsense,Ġsensed,Ġsenses,Ġsensing
Ġsensitive
Ġsentence,Ġsentences,Ġsentenced,Ġsentencing
Ġseparate,Ġseparates,Ġseparated,Ġseparating,Ġseparat
Ġsequence,Ġsequences,Ġsequencing
Ġseries
Ġserious
Ġseriously
Ġservant,Ġservants
Ġserve,Ġserves,Ġserved,Ġserving,Ġservings
Ġserver,Ġservers
Ġservice,Ġservices,Ġservicing,Ġservic
Ġsession,Ġsessions
Ġset,Ġsets,Ġsetting,Ġsettings
Ġsettle,Ġsettles,Ġsettled,Ġsettling
Ġsettlement,Ġsettlements
Ġseveral,Ġsever
Ġsevere
Ġsex,Ġsexes
Ġsexual
Ġshade,Ġshades,Ġshading
Ġshadow,Ġshadows
Ġshake,Ġshakes,Ġshook,Ġshaking,Ġshaken
Ġshall
Ġshape,Ġshapes,Ġshaped,Ġshaping
Ġshare,Ġshared,Ġshares,Ġsharing
Ġshareholder,Ġshareholders
Ġsharp,Ġsharper
Ġshe,Ġher,Ġhers
Ġsheep
Ġsheet,Ġsheets
Ġshelf,Ġshelves
Ġshell,Ġshells,Ġshelling
Ġshelter,Ġshelters,Ġsheltered
Ġshift,Ġshifts,Ġshifted,Ġshifting
Ġshine,Ġshines,Ġshining,Ġshone
Ġship,Ġships,Ġshipped,Ġshipping
Ġshirt,Ġshirts
Ġshock,Ġshocks,Ġshocked,Ġshocking
Ġshoe,Ġshoes
Ġshoot,Ġshoots,Ġshooting,Ġshootings
Ġshop,Ġshops,Ġshopping
Ġshore,Ġshores
Ġshort,Ġshorts,Ġshorter,Ġshortest
Ġshot,Ġshots
Ġshould,Ġshouldn
Ġshoulder,Ġshoulders,Ġshould
Ġshout,Ġshouts,Ġshouted,Ġshouting
Ġshow,Ġshowed,Ġshows,Ġshowing,Ġshown
Ġshower,Ġshowers
Ġshut,Ġshuts,Ġshutting
Ġsick
Ġside,Ġsided,Ġsides
Ġsigh,Ġsighed
Ġsight,Ġsights,Ġsighting,Ġsightings
Ġsign,Ġsigned,Ġsigns,Ġsigning,Ġsignings
Ġsignal,Ġsignals,Ġsignaled,Ġsignaling,Ġsignalling
Ġsignificance,Ġsignific
Ġsignificant,Ġsignific
Ġsignificantly
Ġsilence,Ġsilenced
Ġsilent
Ġsilly
Ġsilver
Ġsimilar
Ġsimilarly
Ġsimple,Ġsimpler,Ġsimplest
Ġsimply
Ġsince
Ġsing,Ġsang,Ġsings,Ġsinging,Ġsung
Ġsinger,Ġsingers
Ġsingle,Ġsingled,Ġsingles
Ġsink,Ġsinks,Ġsank,Ġsinking,Ġsunk
Ġsir
Ġsister,Ġsisters
Ġsit,Ġsat,Ġsits,Ġsitting
Ġsite,Ġsites
Ġsituation,Ġsituations
Ġsize,Ġsized,Ġsizes,Ġsizing
Ġski,Ġskiing
Ġskill,Ġskills,Ġskilled
Ġskin,Ġskins
Ġskirt,Ġskirts
Ġsky,Ġskies
Ġslave,Ġslaves
Ġsleep,Ġsleeps,Ġslept,Ġsleeping
Ġslice,Ġslices,Ġsliced,Ġslicing
Ġslide,Ġslides,Ġslid,Ġsliding
Ġslight,Ġslightest
Ġslightly
Ġslip,Ġslips,Ġslipped,Ġslipping
Ġslope,Ġslopes
Ġslow,Ġslows,Ġslowed,Ġslowing,Ġslower
Ġslowly
Ġsmall,Ġsmaller,Ġsmallest
Ġsmart,Ġsmarter,Ġsmartest
Ġsmell,Ġsmells,Ġsmelled,Ġsmelling
Ġsmile,Ġsmiles,Ġsmiled,Ġsmiling
Ġsmoke,Ġsmokes,Ġsmoked,Ġsmoking
Ġsmooth,Ġsmoot,Ġsmoother
Ġsnap,Ġsnaps,Ġsnapped,Ġsnapping
Ġsnow
Ġso
Ġsocial
Ġsociety,Ġsocieties
Ġsoft,Ġsofter
Ġsoftware
Ġsoil,Ġsoils
Ġsolar
Ġsoldier,Ġsoldiers
Ġsolid
Ġsolution,Ġsolutions
Ġsolve,Ġsolves,Ġsolved,Ġsolving
Ġsome
Ġsomebody
Ġsomehow
Ġsomeone
Ġsomething,Ġsomet
Ġsometimes
Ġsomewhat
Ġsomewhere,Ġsomew
Ġson,Ġsons
Ġsong,Ġsongs
Ġsoon,Ġsooner
Ġsorry
Ġsort,Ġsorted,Ġsorts,Ġsorting
Ġsoul,Ġsouls
Ġsound,Ġsounded,Ġsounds,Ġsounding
Ġsource,Ġsources,Ġsourced,Ġsourcing
Ġsouth
Ġsouthern
Ġspace,Ġspaces,Ġspaced,Ġspacing
Ġspare,Ġspared,Ġsparing
Ġspeak,Ġspeaks,Ġspoke,Ġspeaking,Ġspoken
Ġspeaker,Ġspeakers
Ġspecial,Ġspecials
Ġspecialist,Ġspecialists
Ġspecialize,Ġspecializes,Ġspecialized,Ġspecializing,Ġspecial
Ġspecies
Ġspecific,Ġspecifics
Ġspecifically
Ġspecify,Ġspecifies,Ġspecified,Ġspecifying
Ġspeech,Ġspeeches
Ġspeed,Ġspeeds,Ġsped,Ġspeeding
Ġspell,Ġspells,Ġspelled,Ġspelling
Ġspend,Ġspends,Ġspending,Ġspent
Ġspin,Ġspins,Ġspun,Ġspinning
Ġspirit,Ġspirits,Ġspirited
Ġsplit,Ġsplits,Ġsplitting
Ġsponsor,Ġsponsors,Ġsponsored,Ġsponsoring
Ġsport,Ġsports,Ġsporting
Ġspot,Ġspots,Ġspotted,Ġspotting
Ġspread,Ġspreads,Ġspreading
Ġspring,Ġsprings,Ġsprang,Ġsprung
Ġsquare,Ġsquares,Ġsquared
Ġstability
Ġstable
Ġstaff,Ġstaffed,Ġstaffing
Ġstage,Ġstaged,Ġstages,Ġstaging
Ġstain,Ġstains,Ġstained
Ġstair,Ġstairs
Ġstake,Ġstakes
Ġstamp,Ġstamps,Ġstamped
Ġstand,Ġstands,Ġstood,Ġstanding,Ġstandings
Ġstandard,Ġstandards
Ġstar,Ġstars,Ġstarred,Ġstarring
Ġstare,Ġstares,Ġstared,Ġstaring
Ġstart,Ġstarted,Ġstarts,Ġstarting
Ġstate,Ġstated,Ġstates,Ġstating
Ġstatement,Ġstatements
Ġstation,Ġstations,Ġstationed
Ġstatistic
Ġstatus
Ġstay,Ġstayed,Ġstays,Ġstaying
Ġsteady,Ġstead
Ġsteal,Ġsteals,Ġstole,Ġstealing,Ġstolen
Ġsteel
Ġstem,Ġstems,Ġstemmed,Ġstemming
Ġstep,Ġstepped,Ġsteps,Ġstepping
Ġstick,Ġsticks,Ġstuck,Ġsticking
Ġstill
Ġstimulate,Ġstimulates,Ġstimulated,Ġstimulating,Ġstimul
Ġstir,Ġstirred,Ġstirring
Ġstock,Ġstocks,Ġstocked,Ġstocking
Ġstomach
Ġstone,Ġstones
Ġstop,Ġstopped,Ġstops,Ġstopping
Ġstorage
Ġstore,Ġstores,Ġstored,Ġstoring
Ġstorm,Ġstorms,Ġstormed
Ġstory,Ġstories,Ġstore
Ġstraight
Ġstrain,Ġstrains,Ġstrained
Ġstrange,Ġstrang
Ġstranger,Ġstrangers
Ġstrategy,Ġstrategies
Ġstream,Ġstreams,Ġstreamed,Ġstreaming
Ġstreet,Ġstreets
Ġstrength,Ġstrengths
Ġstrengthen,Ġstrengthens,Ġstrengthened,Ġstrengthening
Ġstress,Ġstresses,Ġstressed,Ġstressing
Ġstretch,Ġstretches,Ġstretched,Ġstretching
Ġstrict,Ġstricter
Ġstrike,Ġstrikes,Ġstruck,Ġstriking
Ġstring,Ġstrings
Ġstrip,Ġstrips,Ġstripped,Ġstripping
Ġstroke,Ġstrokes
Ġstrong,Ġstronger,Ġstrongest
Ġstrongly
Ġstructural,Ġstruct
Ġstructure,Ġstructures,Ġstructured,Ġstruct
Ġstruggle,Ġstruggles,Ġstruggled,Ġstruggling,Ġstrugg
Ġstudent,Ġstudents
Ġstudio,Ġstudios
Ġstudy,Ġstudied,Ġstudies,Ġstudying
Ġstuff,Ġstuffed,Ġstuffing
Ġstupid
Ġstyle,Ġstyles,Ġstyled,Ġstyling
Ġsubject,Ġsubjected,Ġsubjects
Ġsubmit,Ġsubmitted,Ġsubmitting
Ġsubsequent
Ġsubsequently
Ġsubstance,Ġsubstances
Ġsubstantial,Ġsubstant
Ġsubstitute,Ġsubstitutes,Ġsubstituted,Ġsubstit
Ġsucceed,Ġsucceeds,Ġsucceeded,Ġsucceeding
Ġsuccess,Ġsuccesses
Ġsuccessful
Ġsuccessfully
Ġsuch
Ġsudden
Ġsuddenly
Ġsuffer,Ġsuffers,Ġsuffered,Ġsuffering
Ġsufficient
Ġsugar,Ġsugars
Ġsuggest,Ġsuggested,Ġsuggests,Ġsuggesting
Ġsuggestion,Ġsuggestions
Ġsuit,Ġsuits,Ġsuited
Ġsuitable
Ġsum,Ġsums,Ġsummed
Ġsummarize,Ġsummarizes,Ġsummarized,Ġsummar
Ġsummary
Ġsummer,Ġsummers
Ġsun
Ġsupplement,Ġsupplements,Ġsupplemented
Ġsupplier,Ġsuppliers
Ġsupply,Ġsupplies,Ġsupplied,Ġsupplying
Ġsupport,Ġsupported,Ġsupports,Ġsupporting
Ġsupporter,Ġsupporters
Ġsuppose,Ġsupposed
Ġsure
Ġsurely
Ġsurface,Ġsurfaces,Ġsurfaced
Ġsurgery,Ġsurgeries
Ġsurprise,Ġsurprised,Ġsurprises,Ġsurprising,Ġsurpr
Ġsurprisingly
Ġsurround,Ġsurrounds,Ġsurrounded,Ġsurrounding,Ġsurroundings
Ġsurvey,Ġsurveys,Ġsurveyed,Ġsurve
Ġsurvival,Ġsurviv
Ġsurvive,Ġsurvives,Ġsurvived,Ġsurviving,Ġsurviv
Ġsuspect,Ġsuspects,Ġsuspected
Ġsuspend,Ġsuspended,Ġsuspending
Ġsustain,Ġsustained,Ġsustaining
Ġswear,Ġswore,Ġswearing,Ġsworn
Ġsweep,Ġsweeps,Ġswept,Ġsweeping
Ġsweet,Ġsweets
Ġswim,Ġswimming
Ġswing,Ġswings,Ġswung,Ġswinging
Ġswitch,Ġswitches,Ġswitched,Ġswitching
Ġsymbol,Ġsymbols
Ġsymptom,Ġsymptoms
Ġsystem,Ġsystems
Ġtable,Ġtables
Ġtackle,Ġtackles,Ġtackled,Ġtackling
Ġtail,Ġtails
Ġtake,Ġtakes,Ġtook,Ġtaking,Ġtaken
Ġtale,Ġtales
Ġtalent,Ġtalents,Ġtalented
Ġtalk,Ġtalked,Ġtalks,Ġtalking
Ġtall,Ġtaller,Ġtallest
Ġtank,Ġtanks
Ġtap,Ġtaps,Ġtapped,Ġtapping
Ġtape,Ġtaped,Ġtapes
Ġtarget,Ġtargets,Ġtargeted,Ġtargeting
Ġtask,Ġtasks,Ġtasked
Ġtaste,Ġtastes,Ġtasted,Ġtasting
Ġtax,Ġtaxed,Ġtaxes,Ġtaxing
Ġtaxi,Ġtaxis
Ġtea
Ġteach,Ġtaught,Ġteaches,Ġteaching,Ġteachings
Ġteacher,Ġteachers
Ġteam,Ġteamed,Ġteams
Ġtear,Ġtears,Ġtore,Ġtorn,Ġtearing
Ġtechnical
Ġtechnique,Ġtechniques
Ġtechnology,Ġtechnologies
Ġteenager,Ġteenagers
Ġtelephone
Ġtelevision,Ġtelev
Ġtell,Ġtells,Ġtold,Ġtelling
Ġtemperature,Ġtemperatures
Ġtemporary
Ġtend,Ġtended,Ġtends,Ġtending
Ġtendency,Ġtendencies
Ġtender
Ġtennis
Ġtension,Ġtensions
Ġtent,Ġtents
Ġterm,Ġtermed,Ġterms
Ġterrible
Ġterritory,Ġterritories
Ġterrorist,Ġterrorists
Ġtest,Ġtested,Ġtests,Ġtesting
Ġtext,Ġtexted,Ġtexts,Ġtexting
Ġthan
Ġthank,Ġthanked,Ġthanks,Ġthanking
Ġthat,Ġthose
Ġthe
Ġtheater,Ġtheaters,Ġtheatre,Ġtheat
Ġtheme,Ġthemes,Ġthemed
Ġthemselves
Ġthen
Ġtheoretical
Ġtheory,Ġtheories
Ġtherapy,Ġtherapies
Ġthere
Ġtherefore,Ġthere
Ġthey,Ġthem,Ġem,Ġtheir,Ġtheirs
Ġthick,Ġthicker
Ġthin,Ġthinner
Ġthing,Ġthings
Ġthink,Ġthinks,Ġthought,Ġthinking,Ġthoughts
Ġthirst
Ġthis,Ġthese
Ġthough
Ġthreat,Ġthreats
Ġthreaten,Ġthreatens,Ġthreatened,Ġthreatening
Ġthroat,Ġthroats
Ġthrough
Ġthroughout
Ġthrow,Ġthrew,Ġthrows,Ġthrowing,Ġthrown
Ġthus
Ġticket,Ġtickets
Ġtie,Ġties,Ġtied,Ġtying
Ġtight,Ġtighter
Ġtill
Ġtime,Ġtimed,Ġtimes,Ġtiming
Ġtiny
Ġtip,Ġtips,Ġtipped,Ġtipping
Ġtire,Ġtires,Ġtired,Ġtyre,Ġtyres
Ġtissue,Ġtissues
Ġtitle,Ġtitles,Ġtitled
Ġto
Ġtoday
Ġtogether
Ġtomorrow
Ġtone,Ġtones
Ġtongue,Ġtongues
Ġtonight
Ġtoo
Ġtool,Ġtools
Ġtooth,Ġteeth
Ġtop,Ġtopped,Ġtops,Ġtopping
Ġtopic,Ġtopics
Ġtotal,Ġtotals,Ġtotaled,Ġtotaling
Ġtotally
Ġtouch,Ġtouches,Ġtouched,Ġtouching
Ġtough,Ġtougher,Ġtoughest
Ġtour,Ġtours,Ġtoured,Ġtouring
Ġtourism
Ġtourist,Ġtourists
Ġtournament,Ġtournaments
Ġtoward,Ġtowards
Ġtower,Ġtowers,Ġtowering
Ġtown,Ġtowns
Ġtoy,Ġtoys
Ġtrace,Ġtraces,Ġtraced,Ġtracing
Ġtrack,Ġtracks,Ġtracked,Ġtracking
Ġtrade,Ġtraded,Ġtrades,Ġtrading
Ġtradition,Ġtraditions
Ġtraditional,Ġtradition
Ġtraffic,Ġtraff,Ġtrafficking
Ġtrail,Ġtrails,Ġtrailed,Ġtrailing
Ġtrain,Ġtrained,Ġtrains,Ġtraining
Ġtransfer,Ġtransfers,Ġtransferred,Ġtransf,Ġtransferring
Ġtransform,Ġtransforms,Ġtransformed,Ġtransforming
Ġtransition,Ġtransitions,Ġtransitioned,Ġtransitioning
Ġtranslate,Ġtranslates,Ġtranslated,Ġtranslating,Ġtransl
Ġtransport,Ġtransports,Ġtransported,Ġtransporting
Ġtransportation,Ġtransport
Ġtrap,Ġtraps,Ġtrapped,Ġtrapping
Ġtravel,Ġtraveled,Ġtravels,Ġtraveling,Ġtravelled,Ġtravelling,Ġtrave
Ġtreat,Ġtreats,Ġtreated,Ġtreating
Ġtreatment,Ġtreatments
Ġtree,Ġtrees
Ġtrend,Ġtrends,Ġtrending
Ġtrial,Ġtrials
Ġtrick,Ġtricks,Ġtricked
Ġtrigger,Ġtriggers,Ġtriggered,Ġtriggering
Ġtrip,Ġtrips
Ġtroop,Ġtroops
Ġtrouble,Ġtroubled,Ġtroubles,Ġtroubling
Ġtruck,Ġtrucks
ĠTRUE
Ġtruly
Ġtrust,Ġtrusts,Ġtrusted,Ġtrusting
Ġtruth,Ġtruths
Ġtry,Ġtried,Ġtries,Ġtrying
Ġtube,Ġtubes,Ġtubing
Ġtune,Ġtunes,Ġtuned,Ġtuning
Ġturn,Ġturned,Ġturns,Ġturning
Ġtwice
Ġtwin,Ġtwins
Ġtwist,Ġtwists,Ġtwisted,Ġtwisting
Ġtype,Ġtyped,Ġtypes,Ġtyping
Ġtypical
Ġtypically
Ġugly
Ġultimately
Ġunable
Ġuncertainty,Ġuncertainties
Ġuncle
Ġunclear,Ġuncle
Ġunder
Ġundergo,Ġunderwent,Ġundergoing,Ġundergone
Ġunderstand,Ġunderstands,Ġunderstood,Ġunderstanding
Ġundertake,Ġundert,Ġundertook,Ġundertaking,Ġundertaken
Ġunemployment
Ġunfortunately
Ġuniform,Ġuniforms
Ġunion,Ġunions
Ġunique
Ġunit,Ġunits
Ġunite,Ġunited
Ġuniversal,Ġunivers
Ġuniverse,Ġuniverses
Ġuniversity,Ġuniversities
Ġunknown
Ġunless
Ġunlike
Ġunlikely,Ġunlike
Ġuntil,Ġtil
Ġunusual
Ġup,Ġups
Ġupdate,Ġupdates,Ġupdated,Ġupdating
Ġupon
Ġupper
Ġupset,Ġupsetting
Ġurban
Ġurge,Ġurges,Ġurged,Ġurging
Ġuse,Ġused,Ġuses,Ġusing
Ġuseful
Ġuser,Ġusers
Ġusual
Ġusually
Ġvalley,Ġvalleys
Ġvaluable
Ġvalue,Ġvalued,Ġvalues
Ġvan,Ġvans
Ġvariable,Ġvariables
Ġvariation,Ġvariations
Ġvariety,Ġvarieties
Ġvarious
Ġvary,Ġvaries,Ġvaried,Ġvarying
Ġvast
Ġvegetable,Ġvegetables
Ġvehicle,Ġvehicles
Ġventure,Ġventures,Ġventured
Ġverb,Ġverbs
Ġversion,Ġversions
Ġversus
Ġvery
Ġvessel,Ġvessels
Ġveteran,Ġveterans
Ġvia
Ġvice
Ġvictim,Ġvictims
Ġvictory,Ġvictories
Ġvideo,Ġvideos
Ġview,Ġviewed,Ġviews,Ġviewing
Ġvillage,Ġvillages
Ġviolence
Ġviolent
Ġvirtually
Ġvirus,Ġviruses
Ġvisible
Ġvision,Ġvisions
Ġvisit,Ġvisited,Ġvisits,Ġvisiting
Ġvisitor,Ġvisitors
Ġvisual,Ġvisuals
Ġvital
Ġvoice,Ġvoices,Ġvoiced,Ġvoicing
Ġvolume,Ġvolumes
Ġvoluntary
Ġvolunteer,Ġvolunteers,Ġvolunteered,Ġvolunteering
Ġvote,Ġvoted,Ġvotes,Ġvoting
Ġvoter,Ġvoters
Ġwage,Ġwages,Ġwaged,Ġwaging
Ġwait,Ġwaited,Ġwaits,Ġwaiting
Ġwake,Ġwakes,Ġwoke,Ġwaking
Ġwalk,Ġwalked,Ġwalks,Ġwalking
Ġwall,Ġwalls
Ġwander,Ġwandered,Ġwandering
Ġwant,Ġwanted,Ġwants,Ġwanting,Ġwanna
Ġwar,Ġwars
Ġwarm,Ġwarmed,Ġwarming,Ġwarmer
Ġwarn,Ġwarns,Ġwarned,Ġwarning,Ġwarnings
Ġwash,Ġwashed,Ġwashing
Ġwaste,Ġwastes,Ġwasted,Ġwasting
Ġwatch,Ġwatched,Ġwatches,Ġwatching
Ġwater,Ġwatered,Ġwaters,Ġwatering
Ġwave,Ġwaves,Ġwaved,Ġwaving
Ġway,Ġways
Ġwe,Ġour,Ġus,Ġours
Ġweak,Ġweaker,Ġweakest
Ġweakness,Ġweaknesses
Ġwealth
Ġwealthy,Ġwealthier,Ġwealthiest
Ġweapon,Ġweapons
Ġwear,Ġwears,Ġwore,Ġwearing,Ġworn
Ġweather
Ġweb,Ġwebs
Ġwebsite,Ġwebsites
Ġwed,Ġwedding,Ġweddings
Ġweek,Ġweeks
Ġweekend,Ġweekends
Ġweekly
Ġweigh,Ġweighs,Ġweighed,Ġweighing
Ġweight,Ġweights,Ġweighted
Ġweird
Ġwelcome,Ġwelcomes,Ġwelcomed,Ġwelcoming
Ġwelfare
Ġwell,Ġwells
Ġwest
Ġwestern
Ġwet
Ġwhat,Ġwhats
Ġwhatever
Ġwheel,Ġwheels
Ġwhen
Ġwhenever
Ġwhere
Ġwhereas
Ġwherever,Ġwhere
Ġwhether
Ġwhich
Ġwhile
Ġwhilst
Ġwhisper,Ġwhispers,Ġwhispered,Ġwhispering
Ġwhite,Ġwhites
Ġwho,Ġwhom,Ġwhose
Ġwhole,Ġwholes
Ġwhy
Ġwide,Ġwider,Ġwidest
Ġwidely
Ġwife,Ġwives
Ġwild
Ġwill,Ġwills,Ġwilling,Ġwon,Ġll
Ġwin,Ġwinning,Ġwins
Ġwind,Ġwinds,Ġwound,Ġwinding
Ġwindow,Ġwindows
Ġwine,Ġwines
Ġwing,Ġwings
Ġwinner,Ġwinners
Ġwinter,Ġwinters
Ġwipe,Ġwipes,Ġwiped,Ġwiping
Ġwire,Ġwires,Ġwired,Ġwiring
Ġwise,Ġwiser
Ġwish,Ġwished,Ġwishes,Ġwishing
Ġwith
Ġwithdraw,Ġwithdrew,Ġwithdrawing,Ġwithdrawn
Ġwithin
Ġwithout
Ġwitness,Ġwitnesses,Ġwitnessed,Ġwitnessing
Ġwoman,Ġwomen
Ġwonder,Ġwondered,Ġwonders,Ġwondering
Ġwonderful
Ġwood,Ġwoods
Ġwooden
Ġword,Ġwords,Ġwording
Ġwork,Ġworked,Ġworks,Ġworking,Ġworkings
Ġworker,Ġworkers
Ġworld,Ġworlds
Ġworry,Ġworried,Ġworries,Ġworrying
Ġworth
Ġwould,Ġwouldn
Ġwound,Ġwounds,Ġwounded,Ġwounding
Ġwrap,Ġwraps,Ġwrapped,Ġwrapping
Ġwrite,Ġwrites,Ġwrote,Ġwriting,Ġwritten,Ġwritings
Ġwriter,Ġwriters
Ġwrong
Ġyard,Ġyards
Ġyeah
Ġyear,Ġyears
Ġyellow
Ġyes
Ġyesterday
Ġyet
Ġyield,Ġyields,Ġyielded,Ġyielding
Ġyou,Ġyour,Ġyours
Ġyoung,Ġyounger,Ġyoungest
Ġyourself,Ġyourselves
Ġyouth,Ġyouths
Ġzone,Ġzones,Ġzoning
Ġeight,Ġeighth
Ġeighty,Ġeight
Ġeleven
Ġfifteen
Ġfifty
Ġfive,Ġfifth
Ġforty
Ġfour,Ġfourth
Ġhundred,Ġhundreds
Ġmillion,Ġmillions
Ġnine,Ġninth
Ġnineteen,Ġnineteenth
Ġninety
Ġseven,Ġseventh,Ġsevent
Ġseventy,Ġsevent
Ġsix,Ġsixth
Ġsixty
Ġten,Ġtens,Ġtenth
Ġthirty
Ġthousand,Ġthousands
Ġthree,Ġthird,Ġthirds
Ġtrue
Ġtwelve
Ġtwenty,Ġtwent,Ġtwenties,Ġtwentieth
Ġtwo
Ġabide,Ġabiding
Ġaboard
Ġabsent
Ġacceptance,Ġaccept
Ġaccessible,Ġaccess
Ġaccessory,Ġaccessories
Ġacclaim,Ġacclaimed
Ġaccommodate,Ġaccommod,Ġaccommodating
Ġaccomplishment,Ġaccomplishments
Ġaccordingly
Ġaccountant,Ġaccount
Ġactress,Ġactresses
Ġadapter,Ġadapters
Ġadditionally
Ġadhere
Ġadminister,Ġadmin,Ġadministered,Ġadministering
Ġadministrative
Ġadministrator,Ġadministrators
Ġadvancement,Ġadvancements
Ġadvisable,Ġadvis
Ġadvisor,Ġadvisors
Ġadvisory,Ġadvis
Ġaffirmative,Ġaffirm
Ġaffordable,Ġafford
Ġairport,Ġairports
Ġaisle
Ġalert,Ġalerts,Ġalerted
Ġalike
Ġallergy,Ġallergies
Ġalternate,Ġaltern,Ġalternating
Ġalternatively
Ġamateur
Ġambassador,Ġambassadors
Ġambitious
Ġample
Ġamuse,Ġamused,Ġamusing
Ġanew
Ġanniversary
Ġannouncer,Ġannoun
Ġannoy,Ġannoyed,Ġannoying
Ġannually
Ġantique,Ġantiqu
Ġanytime
Ġapology,Ġapologies
Ġappliance,Ġappliances
Ġapplicable,Ġapplic
Ġapplicant,Ġapplicants
Ġappraisal,Ġappra
Ġappreciation,Ġappreci
Ġapprentice,Ġapprentices
Ġarc,Ġarcs
Ġarchitectural,Ġarchitect
Ġarchive,Ġarchives,Ġarchived
Ġasleep
Ġassemble,Ġassemb,Ġassembled,Ġassembling
Ġassurance,Ġassurances
Ġattain,Ġattained
Ġattendant,Ġattendants
Ġattire
Ġattorney,Ġattorneys
Ġaudition
Ġauditor
Ġauthentic,Ġauthent
Ġauthorization,Ġauthor
Ġauthorize,Ġauthor,Ġauthorized,Ġauthorizing,Ġauthorised
Ġauto,Ġautos
Ġautomate,Ġautom,Ġautomated
Ġautomatic,Ġautom
Ġautomobile,Ġautomobiles
Ġautomotive
Ġawait,Ġawaits,Ġawaited,Ġawaiting
Ġbackpack
Ġbadge,Ġbadges
Ġbaggage
Ġbake,Ġbaked,Ġbaking
Ġbaker
Ġbakery,Ġbaker
Ġbalcony,Ġbalcon
Ġballoon,Ġballoons
Ġbanker,Ġbankers
Ġbankrupt
Ġbankruptcy,Ġbankrupt
Ġbanquet
Ġbarbecue
Ġbaseball
Ġbasement
Ġbasket,Ġbaskets
Ġbasketball
Ġbathroom,Ġbathrooms
Ġbattery,Ġbatteries
Ġbean,Ġbeans
Ġbeforehand
Ġbeginner,Ġbeginners
Ġbehalf
Ġbench,Ġbenches
Ġbeneficial
Ġbeverage,Ġbeverages
Ġbicycle,Ġbicycles,Ġbicycl
Ġbiography
Ġbirthday,Ġbirth
Ġblanket,Ġblankets,Ġblank
Ġblueprint
Ġbooklet
Ġbookstore
Ġbooth,Ġbooths
Ġbrainstorm,Ġbrain
Ġbrake,Ġbrakes,Ġbraking
Ġbroaden,Ġbroad
Ġbroker,Ġbrokers,Ġbroke
Ġbroom
Ġbrowse,Ġbrowsing
Ġbuffet
Ġbug,Ġbugs
Ġbulb,Ġbulbs
Ġbulletin,Ġbullet
Ġbusinessman,Ġbusinessmen
Ġbutter
Ġbye,ĠBye
Ġcab
Ġcabin
Ġcabinet,Ġcabinets
Ġcafeteria
Ġcage,Ġcages
Ġcalendar,Ġcalendars
Ġcaller
Ġcancellation,Ġcancell
Ġcandy
Ġcaptain,Ġcaptains,Ġcapt,ĠCaptain,ĠCapt
Ġcareless
Ġcargo
Ġcart,Ġcarts
Ġcartridge,Ġcartridges
Ġcasual
Ġcater,Ġcatering
Ġcaution,Ġcautioned
Ġcautious
Ġceiling,Ġceilings
Ġcelebrity,Ġcelebrities
Ġcellphone
Ġcertificate,Ġcertificates,Ġcertific
Ġcertification
Ġcertify,Ġcertified
Ġcharitable
Ġcheckout,Ġcheck
Ġchef,Ġchefs
Ġchilly,Ġchill
Ġcircuit,Ġcircuits
Ġcircus
Ġclassmate,Ġclassmates
Ġcleaner,Ġcleaners,Ġclean
Ġclerk,Ġclerks
Ġcloset
Ġcloth
Ġcloudy,Ġcloud
Ġcollaboration,Ġcollaborations
Ġcollector,Ġcollectors
Ġcolorful,Ġcolourful
Ġcomb
Ġcomfortably
Ġcommerce,Ġcommer
Ġcommute,Ġcommuting
Ġcommuter,Ġcommuters
Ġcompartment
Ġcompatible,Ġcompat
Ġcompile,Ġcompiled,Ġcompiling
Ġcompletion,Ġcomple
Ġcompliance,Ġcompl
Ġcompliment,Ġcompliments
Ġcomplimentary
Ġconductor,Ġconduct
Ġconfidential,Ġconfident
Ġconfirmation,Ġconfirm
Ġconform
Ġcongestion,Ġcongest
Ġcongratulate,Ġcongrat,Ġcongratulated
Ġconsecutive
Ġconsiderably
Ġconsistently
Ġcontestant,Ġcontestants
Ġcontinental,Ġcontinent
Ġcontraction,Ġcontract
Ġcontractor,Ġcontractors
Ġconvenience,Ġconven
Ġconvenient
Ġconveniently
Ġconvey,Ġconve,Ġconveyed
Ġcookie,Ġcookies
Ġcooler
Ġcooperate,Ġcooper,Ġcooperating
Ġcoordinator,Ġcoordin
Ġcopyright,Ġcopyrighted
Ġcosmetic,Ġcosmetics
Ġcostly
Ġcostume,Ġcostumes
Ġcounselor,Ġcounselors
Ġcountryside,Ġcountry
Ġcoupon,Ġcoupons
Ġcourier
Ġcourtesy,Ġcourt
Ġcrane
Ġcreativity
Ġcruise,Ġcruising
Ġculinary
Ġcumulative
Ġcushion
Ġcustomize,Ġcustom,Ġcustomized
Ġdaytime
Ġdealership,Ġdealers
Ġdebit
Ġdeck,Ġdecks
Ġdecoration,Ġdecorations
Ġdedication
Ġdeduct,Ġdeducted
Ġdeduction,Ġdeductions
Ġdefective
Ġdelegate,Ġdelegates,Ġdelegated,Ġdeleg
Ġdelete,Ġdelet,Ġdeleted,Ġdeleting
Ġdelicate
Ġdelicious
Ġdental
Ġdentist
Ġdepart,Ġdeparted,Ġdeparting
Ġdeparture,Ġdepartures
Ġdescriptive
Ġdesignate,Ġdesign,Ġdesignated
Ġdesirable
Ġdesktop
Ġdesperate
Ġdessert,Ġdesserts
Ġdetach,Ġdetached
Ġdeveloper,Ġdevelopers
Ġdial
Ġdiamond,Ġdiamonds
Ġdiner
Ġdiploma,Ġdiplom
Ġdirectory,Ġdirectories
Ġdisable,Ġdisabled,Ġdisabling
Ġdisagreement,Ġdisagreements
Ġdisappointment,Ġdisappoint
Ġdiscard,Ġdiscarded
Ġdisconnect,Ġdisconnected
Ġdiscrepancy,Ġdiscrepancies
Ġdisgust,Ġdisgusted,Ġdisgusting
Ġdislike,Ġdisliked
Ġdispatch,Ġdispatched
Ġdisposal,Ġdispos
Ġdispose,Ġdisposed,Ġdispos
Ġdisrupt,Ġdisrupted,Ġdisrupting
Ġdisruption,Ġdisruptions
Ġdistract,Ġdistracted,Ġdistracting
Ġdistraction,Ġdistractions
Ġdistributor,Ġdistributors
Ġdive,Ġdives,Ġdiving
Ġdividend,Ġdividends
Ġdock,Ġdocks,Ġdocking
Ġdocumentary,Ġdocumentaries
Ġdocumentation,Ġdocument
Ġdonate,Ġdonated,Ġdonating
Ġdonation,Ġdonations
Ġdownload,Ġdownloads,Ġdownloaded,Ġdownloading
Ġdownstairs
Ġdowntown
Ġdownturn
Ġdrastically
Ġdrawback,Ġdrawbacks
Ġdrawer
Ġdrill,Ġdrills,Ġdrilled,Ġdrilling
Ġdrought
Ġdrum,Ġdrums
Ġdull
Ġduplicate
Ġdurable
Ġeager
Ġearthquake,Ġearthquakes
Ġeconomical,Ġeconom
Ġeditorial,Ġeditor
Ġefficiently
Ġelectrical
Ġelectronically
Ġelegant
Ġelephant,Ġelephants
Ġelevator
Ġeligible
Ġembassy,Ġembassies
Ġenergetic
Ġengagement,Ġengagements
Ġenjoyable,Ġenjoy
Ġenroll,Ġenrolled,Ġenrol
Ġenrollment,Ġenroll,Ġenrol
Ġenthusiasm,Ġenthus
Ġenthusiast,Ġenthusiasts
Ġenthusiastic,Ġenthusi
Ġenthusiastically
Ġentrepreneur,Ġentrepreneurs
Ġenvironmentally
Ġequip,Ġequipped
Ġescort,Ġescorted
Ġeuro,Ġeuros
Ġevacuate,Ġevacuated
Ġevenly
Ġexcellence
Ġexceptional,Ġexception
Ġexcessive
Ġexclusive,Ġexclus
Ġexclusively
Ġexemption,Ġexemptions
Ġexotic
Ġexpiration
Ġexpire,Ġexpires,Ġexpired
Ġexplanatory
Ġexplorer,Ġexplorers
Ġfactual
Ġfamiliarity,Ġfamiliar
Ġfare,Ġfares,Ġfared
Ġfarewell
Ġfaulty
Ġfavorable,Ġfavourable
Ġfax
Ġferry
Ġfirefighter,Ġfirefighters
Ġfiscal
Ġfitness
Ġfixture,Ġfixtures
Ġflavor,Ġflavors,Ġflavored,Ġflavour,Ġflavours
Ġflaw,Ġflaws,Ġflawed
Ġfleet,Ġfleets,Ġfleeting
Ġflour
Ġflu
Ġfluent
Ġflyer,Ġflyers
Ġfog
Ġfolder,Ġfolders
Ġfootwear
Ġforbid,Ġforbids,Ġforbidden
Ġfork,Ġforks
Ġfortunately
Ġfoster,Ġfostering
Ġfounder,Ġfounders,Ġfound
Ġfountain
Ġfranchise,Ġfranchises,Ġfranch
Ġfreelance,Ġfreel
Ġfreight
Ġfry,Ġfries,Ġfried,Ġfrying
Ġfurnish,Ġfurnished
Ġgallon,Ġgallons
Ġgarage
Ġgarbage
Ġgarment,Ġgarments
Ġgasoline
Ġgenerator,Ġgenerators
Ġgeneric,Ġgener
Ġgenerous
Ġgenre,Ġgenres
Ġglove,Ġgloves
Ġgossip
Ġgraduation
Ġgraphic
Ġgraphics
Ġgrill,Ġgrilled
Ġgrocery,Ġgroceries
Ġguidance
Ġgum
Ġgym
Ġhabitual
Ġhacker,Ġhackers
Ġhallway
Ġhandy
Ġhardware
Ġharmful
Ġhazard,Ġhazards
Ġhazardous
Ġheadache,Ġheadaches
Ġheadphone,Ġheadphones
Ġhealthcare
Ġheater
Ġhelmet,Ġhelmets
Ġhereby
Ġhesitant
Ġhesitation
Ġhighway,Ġhighways
Ġhike,Ġhikes,Ġhiking
Ġhobby,Ġhobbies
Ġhomeless
Ġhomemade
Ġhomeowner,Ġhomeowners
Ġhonestly
Ġhospitality,Ġhospital
Ġhotline
Ġhourly
Ġhumidity,Ġhumid
Ġhungry
Ġhurricane,Ġhurricanes
Ġhygiene
Ġicy
Ġideally
Ġimpatient
Ġimperative,Ġimper
Ġinappropriate
Ġinclusive
Ġincoming,Ġincom
Ġincomplete
Ġinconvenience,Ġinconven
Ġincur,Ġincurred
Ġindoor,Ġindoors
Ġinefficient
Ġinexpensive
Ġinfer,Ġinferred
Ġinformative
Ġingredient,Ġingredients
Ġink
Ġinnovative
Ġinquire,Ġinquired
Ġinspect,Ġinspected,Ġinspecting
Ġinspection,Ġinspections
Ġinspector,Ġinspectors
Ġinspiration,Ġinspir
Ġinstallation,Ġinstallations
Ġinstitute,Ġinstit,Ġinstituted
Ġinstruct,Ġinstructed
Ġinstructor,Ġinstructors
Ġinsufficient
Ġinteractive
Ġintern,Ġinterns
Ġinternationally
Ġinternet,Ġintern
Ġinternship,Ġintern
Ġinterpreter,Ġinterpre
Ġintersection,Ġintersections
Ġintroductory
Ġinvaluable,Ġinval
Ġinvention,Ġinventions
Ġinventory,Ġinvent
Ġinvoice
Ġirregular
Ġjam,Ġjams,Ġjammed
Ġjeans
Ġjet,Ġjets
Ġjewelry,Ġjewel
Ġjog
Ġjournalism
Ġjuice,Ġjuices
Ġjunk
Ġkeyboard,Ġkeyboards
Ġkit,Ġkits
Ġknowledgeable,Ġknowledge
Ġladder
Ġlamp,Ġlamps
Ġlandlord,Ġlandlords
Ġlane,Ġlanes
Ġlaptop,Ġlaptops
Ġlately
Ġlaundry,Ġlaund
Ġlawn
Ġleak,Ġleaks,Ġleaked,Ġleaking
Ġlease,Ġleases,Ġleased,Ġleasing
Ġlengthy,Ġlength
Ġlighter
Ġlightweight,Ġlight
Ġlobby,Ġlobbied,Ġlobbying
Ġlocker
Ġlogin,Ġlogged,Ġlogging
Ġlogo,Ġlogos
Ġloudly
Ġlounge
Ġloyal
Ġloyalty
Ġluggage
Ġmalfunction
Ġmanagerial,Ġmanager
Ġmandatory
Ġmask,Ġmasks,Ġmasked
Ġmassage
Ġmeantime
Ġmedication,Ġmedications
Ġmemo,Ġmemos
Ġmemorandum,Ġmemor
Ġmerchandise,Ġmerch
Ġmerchant,Ġmerchants
Ġmerger
Ġmerit,Ġmerits
Ġmicrophone,Ġmicrophones
Ġmicroscope,Ġmicrosc
Ġmicrowave,Ġmicrow
Ġmidnight
Ġmild
Ġmileage
Ġmini
Ġmislead,Ġmisled,Ġmisleading
Ġmodem
Ġmonument,Ġmonuments
Ġmorale
Ġmosquito,Ġmosquit,Ġmosquitoes
Ġmotorcycle,Ġmotorcycles
Ġnail,Ġnails,Ġnailed
Ġnap
Ġnationwide,Ġnation
Ġnecklace
Ġneedy
Ġnewsletter,Ġnewsletters
Ġnominate,Ġnominated,Ġnominating
Ġnomination,Ġnominations
Ġnoon
Ġnotify,Ġnotified
Ġnutrition
Ġoccupancy,Ġoccup
Ġoccupant,Ġoccupants
Ġofficially
Ġomit,Ġomitted
Ġongoing
Ġoperational
Ġopt,Ġopted,Ġopting
Ġoptimistic,Ġoptim
Ġoptional,Ġoption
Ġorchestra,Ġorchestr
Ġorganizational,Ġorganis
Ġorganizer,Ġorganizers,Ġorgan,Ġorganisers
Ġoutage
Ġoutdoor,Ġoutdoors
Ġoutfit,Ġoutfits
Ġoutlook
Ġoutstanding
Ġoval
Ġoven
Ġovercrowd
Ġoverdue
Ġoverlook,Ġoverlooked,Ġoverlooking
Ġovernight
Ġoversee,Ġoversees,Ġoversaw,Ġoverseen,Ġoverseeing
Ġovertime
Ġpacket,Ġpackets
Ġpad,Ġpads,Ġpadded,Ġpadding
Ġpainter
Ġpamphlet,Ġpamph
Ġpan,Ġpans
Ġpant,Ġpants
Ġpaperback,Ġpaper
Ġpaperwork,Ġpaper
Ġparade,Ġparad
Ġpassport,Ġpassports
Ġpassword,Ġpasswords
Ġpasta
Ġpastry
Ġpatent,Ġpatents,Ġpatented
Ġpatience
Ġpatron,Ġpatrons
Ġpayable
Ġpaycheck
Ġpayroll
Ġpedestrian,Ġpedestrians
Ġpepper,Ġpeppers
Ġperformer,Ġperformers
Ġperiodically
Ġpermanently
Ġpet,Ġpets
Ġpetition,Ġpetitions
Ġpharmaceutical
Ġpharmacy,Ġpharmacies
Ġphotographer,Ġphotographers
Ġphotography,Ġphotograph
Ġpicnic
Ġpie,Ġpies
Ġpill,Ġpills
Ġpillow
Ġpizza
Ġplacement
Ġpolish,Ġpolished
Ġpolite,Ġpolit
Ġpoorly
Ġpopcorn
Ġpopularity
Ġportable
Ġpostage
Ġpostal
Ġpostpone,Ġpostp,Ġpostponed
Ġpremium,Ġpremiums
Ġprescribe,Ġpresc,Ġprescribed,Ġprescribing
Ġprescription,Ġprescriptions
Ġpresenter,Ġpresent
Ġprestigious
Ġpreview,Ġpreviews
Ġprobable
Ġprofessionally
Ġproficiency
Ġprofitable,Ġprofit
Ġprogrammer,Ġprogrammers,Ġprogram
Ġprohibit,Ġprohibits,Ġprohibited,Ġprohibiting
Ġprojector,Ġproject
Ġpromotional,Ġpromotion
Ġpromptly
Ġprospective
Ġprotective
Ġprovider,Ġproviders
Ġpublicity,Ġpublic
Ġpurchaser,Ġpurch
Ġpurse
Ġquarterly
Ġquery,Ġqueries
Ġquit,Ġquitting
Ġrailway,Ġrailways
Ġrainy
Ġreassure,Ġreass,Ġreassured,Ġreassuring
Ġrebate
Ġreceipt,Ġreceipts
Ġreception,Ġreceptions
Ġrecession
Ġrecipient,Ġrecipients
Ġreconsider,Ġrecons
Ġrecreation,Ġrecre
Ġrecreational
Ġrecruitment,Ġrecruit
Ġrecycle,Ġrecycled,Ġrecycling
Ġredesign,Ġredesigned
Ġreferee,Ġreferees,Ġrefere
Ġreferral,Ġreferrals
Ġrefinery
Ġrefresh,Ġrefres,Ġrefreshed,Ġrefreshing
Ġrefrigerator,Ġrefriger
Ġrefund,Ġrefunds
Ġrehearsal,Ġrehears
Ġreimburse,Ġreimb
Ġreimbursement,Ġreimburse
Ġrelaxation,Ġrelax
Ġrelieve,Ġrelie,Ġrelieved
Ġrelocate,Ġrelocated
Ġrelocation
Ġreluctant
Ġremainder,Ġremain
Ġreminder,Ġreminders
Ġremoval
Ġrenew,Ġrenewed
Ġrenewal,Ġrenew
Ġrenovation,Ġrenovations
Ġrenown,Ġrenowned
Ġrental,Ġrentals
Ġreopen,Ġreopened
Ġrepeatedly
Ġrepetition,Ġrepet
Ġreservation,Ġreservations
Ġresidence,Ġresidences
Ġresidential,Ġresident
Ġresignation,Ġresign
Ġrespondent,Ġrespondents
Ġrestroom,Ġrestrooms
Ġresume,Ġresumes,Ġresumed
Ġretailer,Ġretailers
Ġretreat,Ġretreated,Ġretreating
Ġreunion
Ġreviewer,Ġreviewers
Ġrevision,Ġrevisions
Ġrider,Ġriders
Ġrubber
Ġrug
Ġrumor,Ġrumors,Ġrumored,Ġrumours
Ġrunner,Ġrunners
Ġsafely
Ġsalad,Ġsalads
Ġsalesman,Ġsales
Ġsalon
Ġsandwich,Ġsandwiches,Ġsandwic
Ġsatellite,Ġsatellites
Ġsatisfactory
Ġscarf
Ġscenery
Ġsculpture,Ġsculptures,Ġsculpt
Ġseafood
Ġseasonal,Ġseason
Ġsedan
Ġseeker,Ġseekers
Ġseldom
Ġseller,Ġsellers
Ġsender
Ġserial
Ġsew,Ġsewing
Ġsewer
Ġsharply
Ġshipment,Ġshipments
Ġshortage,Ġshortages
Ġshorten,Ġshort,Ġshortened
Ġsidewalk,Ġsidewalks
Ġsignature,Ġsignatures
Ġsignify,Ġsignifies
Ġsilently
Ġsincerely
Ġskate,Ġskating
Ġskim
Ġsleepy,Ġsleep
Ġsleeve,Ġsleeves
Ġsmartphone,Ġsmartphones,Ġsmart
Ġsmoothly
Ġsnack,Ġsnacks
Ġsnowy
Ġsoap
Ġsoar,Ġsoared,Ġsoaring
Ġsoccer
Ġsock,Ġsocks
Ġsofa
Ġsomeday
Ġsoup
Ġspa
Ġspacious
Ġspam
Ġspecially
Ġspectator,Ġspectators
Ġspill,Ġspills,Ġspilled,Ġspilling
Ġspite
Ġspokesperson,Ġspokes
Ġspouse,Ġspouses
Ġspreadsheet,Ġspread
Ġstaple,Ġstaples
Ġstatue,Ġstatues
Ġsteadily
Ġsteak
Ġsteer,Ġsteered,Ġsteering
Ġstereo,Ġstere
Ġsticker,Ġstickers
Ġsubmission,Ġsubmissions
Ġsubscribe,Ġsubscrib,Ġsubscribed,Ġsubscribing
Ġsubscriber,Ġsubscribers
Ġsubscription,Ġsubscriptions
Ġsubstantially
Ġsuburb,Ġsuburbs
Ġsubway
Ġsue,Ġsued,Ġsuing
Ġsuitcase
Ġsuite,Ġsuites
Ġsunny
Ġsunscreen
Ġsunshine
Ġsuperb
Ġsupermarket,Ġsupermarkets
Ġsupervisor,Ġsupervisors
Ġsurf,Ġsurfing
Ġsuspicious
Ġsweater
Ġtablet,Ġtablets
Ġtactic,Ġtactics
Ġtag,Ġtags,Ġtagged,Ġtagging
Ġtailor,Ġtailored
Ġtakeover
Ġtasty
Ġtechnician,Ġtechnicians
Ġteen,Ġteens
Ġtemporarily
Ġtenant,Ġtenants
Ġterminate,Ġtermin,Ġterminated,Ġterminating
Ġtermination,Ġtermin
Ġterrific
Ġtheft,Ġthefts
Ġthirsty,Ġthirst
Ġthorough
Ġthoroughly
Ġthrill,Ġthrilled,Ġthrilling
Ġtidy
Ġtile,Ġtiles
Ġtimeline,Ġtimelines
Ġtimely
Ġtimer,Ġtimers
Ġtimetable,Ġtimet
Ġtoll
Ġtomato,Ġtomatoes
Ġtow,Ġtowed
Ġtowel,Ġtowels
Ġtrademark,Ġtrademarks
Ġtrainer,Ġtrainers
Ġtransit,Ġtrans
Ġtranslator,Ġtransl
Ġtrash
Ġtraveler,Ġtravelers,Ġtraveller,Ġtravellers
Ġtray
Ġtuition
Ġtuna
Ġtunnel,Ġtunnels
Ġturnover,Ġturnovers
Ġumbrella
Ġunavailable
Ġuncomfortable,Ġuncom
Ġunderground
Ġunderway,Ġunder
Ġunexpected
Ġunfamiliar
Ġunhappy
Ġunlimited
Ġunnecessary
Ġunpaid
Ġunpleasant
Ġunreal
Ġunreliable,Ġunrel
Ġunspecified
Ġunsure
Ġunused
Ġunusually
Ġupcoming
Ġupgrade,Ġupgrades,Ġupgraded,Ġupgrading
Ġupstairs
Ġurgent
Ġurgently
Ġvacancy,Ġvacancies
Ġvacant
Ġvacation,Ġvacations
Ġvacuum
Ġvalidate,Ġvalid,Ġvalidated
Ġvanilla
Ġvegetarian,Ġveget
Ġvend,Ġvending
Ġvendor,Ġvendors
Ġvenue,Ġvenues
Ġverify,Ġverified,Ġverifying
Ġviolate,Ġviolates,Ġviolated,Ġviolating
Ġviolation,Ġviolations
Ġviolin
Ġvisa,Ġvisas
Ġvolleyball,Ġvolley
Ġvoucher,Ġvouchers
Ġwaiter
Ġwaitress
Ġwaive,Ġwaived
Ġwallet,Ġwallets
Ġward,Ġwards
Ġwarehouse,Ġwarehouses
Ġwarranty,Ġwarranties
Ġwebpage
Ġweekday
Ġwellness
Ġwhale,Ġwhales
Ġwheelchair,Ġwheel
Ġwildlife
Ġwillingness
Ġwireless
Ġwisely
Ġwithdrawal,Ġwithdrawals
Ġwool
Ġworkforce
Ġworkplace,Ġworkplaces
Ġworldwide,Ġworld
Ġworthwhile
Ġyearly
Ġyen
Ġyoga
Ġzoo